"DATE_KEY","FULL_DATE","YEAR","QUARTER","MONTH","MONTH_NAME","WEEK","DAY_OF_WEEK","IS_WEEKEND"
20200101,01-JAN-20,2020,1,1,"January",1,1,0
20200102,02-JAN-20,2020,1,1,"January",1,1,0
20200103,03-JAN-20,2020,1,1,"January",1,1,0
20200104,04-JAN-20,2020,1,1,"January",1,1,1
20200105,05-JAN-20,2020,1,1,"January",1,1,1
20200106,06-JAN-20,2020,1,1,"January",2,2,0
20200107,07-JAN-20,2020,1,1,"January",2,2,0
20200108,08-JAN-20,2020,1,1,"January",2,2,0
20200109,09-JAN-20,2020,1,1,"January",2,2,0
20200110,10-JAN-20,2020,1,1,"January",2,2,0
20200111,11-JAN-20,2020,1,1,"January",2,2,1
20200112,12-JAN-20,2020,1,1,"January",2,2,1
20200113,13-JAN-20,2020,1,1,"January",3,3,0
20200114,14-JAN-20,2020,1,1,"January",3,3,0
20200115,15-JAN-20,2020,1,1,"January",3,3,0
20200116,16-JAN-20,2020,1,1,"January",3,3,0
20200117,17-JAN-20,2020,1,1,"January",3,3,0
20200118,18-JAN-20,2020,1,1,"January",3,3,1
20200119,19-JAN-20,2020,1,1,"January",3,3,1
20200120,20-JAN-20,2020,1,1,"January",4,4,0
20200121,21-JAN-20,2020,1,1,"January",4,4,0
20200122,22-JAN-20,2020,1,1,"January",4,4,0
20200123,23-JAN-20,2020,1,1,"January",4,4,0
20200124,24-JAN-20,2020,1,1,"January",4,4,0
20200125,25-JAN-20,2020,1,1,"January",4,4,1
20200126,26-JAN-20,2020,1,1,"January",4,4,1
20200127,27-JAN-20,2020,1,1,"January",5,5,0
20200128,28-JAN-20,2020,1,1,"January",5,5,0
20200129,29-JAN-20,2020,1,1,"January",5,5,0
20200130,30-JAN-20,2020,1,1,"January",5,5,0
20200131,31-JAN-20,2020,1,1,"January",5,5,0
20200201,01-FEB-20,2020,1,2,"February",5,5,1
20200202,02-FEB-20,2020,1,2,"February",5,5,1
20200203,03-FEB-20,2020,1,2,"February",6,6,0
20200204,04-FEB-20,2020,1,2,"February",6,6,0
20200205,05-FEB-20,2020,1,2,"February",6,6,0
20200206,06-FEB-20,2020,1,2,"February",6,6,0
20200207,07-FEB-20,2020,1,2,"February",6,6,0
20200208,08-FEB-20,2020,1,2,"February",6,6,1
20200209,09-FEB-20,2020,1,2,"February",6,6,1
20200210,10-FEB-20,2020,1,2,"February",7,7,0
20200211,11-FEB-20,2020,1,2,"February",7,7,0
20200212,12-FEB-20,2020,1,2,"February",7,7,0
20200213,13-FEB-20,2020,1,2,"February",7,7,0
20200214,14-FEB-20,2020,1,2,"February",7,7,0
20200215,15-FEB-20,2020,1,2,"February",7,7,1
20200216,16-FEB-20,2020,1,2,"February",7,7,1
20200217,17-FEB-20,2020,1,2,"February",8,8,0
20200218,18-FEB-20,2020,1,2,"February",8,8,0
20200219,19-FEB-20,2020,1,2,"February",8,8,0
20200220,20-FEB-20,2020,1,2,"February",8,8,0
20200221,21-FEB-20,2020,1,2,"February",8,8,0
20200222,22-FEB-20,2020,1,2,"February",8,8,1
20200223,23-FEB-20,2020,1,2,"February",8,8,1
20200224,24-FEB-20,2020,1,2,"February",9,9,0
20200225,25-FEB-20,2020,1,2,"February",9,9,0
20200226,26-FEB-20,2020,1,2,"February",9,9,0
20200227,27-FEB-20,2020,1,2,"February",9,9,0
20200228,28-FEB-20,2020,1,2,"February",9,9,0
20200229,29-FEB-20,2020,1,2,"February",9,9,1
20200301,01-MAR-20,2020,1,3,"March",9,9,1
20200302,02-MAR-20,2020,1,3,"March",10,10,0
20200303,03-MAR-20,2020,1,3,"March",10,10,0
20200304,04-MAR-20,2020,1,3,"March",10,10,0
20200305,05-MAR-20,2020,1,3,"March",10,10,0
20200306,06-MAR-20,2020,1,3,"March",10,10,0
20200307,07-MAR-20,2020,1,3,"March",10,10,1
20200308,08-MAR-20,2020,1,3,"March",10,10,1
20200309,09-MAR-20,2020,1,3,"March",11,11,0
20200310,10-MAR-20,2020,1,3,"March",11,11,0
20200311,11-MAR-20,2020,1,3,"March",11,11,0
20200312,12-MAR-20,2020,1,3,"March",11,11,0
20200313,13-MAR-20,2020,1,3,"March",11,11,0
20200314,14-MAR-20,2020,1,3,"March",11,11,1
20200315,15-MAR-20,2020,1,3,"March",11,11,1
20200316,16-MAR-20,2020,1,3,"March",12,12,0
20200317,17-MAR-20,2020,1,3,"March",12,12,0
20200318,18-MAR-20,2020,1,3,"March",12,12,0
20200319,19-MAR-20,2020,1,3,"March",12,12,0
20200320,20-MAR-20,2020,1,3,"March",12,12,0
20200321,21-MAR-20,2020,1,3,"March",12,12,1
20200322,22-MAR-20,2020,1,3,"March",12,12,1
20200323,23-MAR-20,2020,1,3,"March",13,13,0
20200324,24-MAR-20,2020,1,3,"March",13,13,0
20200325,25-MAR-20,2020,1,3,"March",13,13,0
20200326,26-MAR-20,2020,1,3,"March",13,13,0
20200327,27-MAR-20,2020,1,3,"March",13,13,0
20200328,28-MAR-20,2020,1,3,"March",13,13,1
20200329,29-MAR-20,2020,1,3,"March",13,13,1
20200330,30-MAR-20,2020,1,3,"March",14,14,0
20200331,31-MAR-20,2020,1,3,"March",14,14,0
20200401,01-APR-20,2020,2,4,"April",14,14,0
20200402,02-APR-20,2020,2,4,"April",14,14,0
20200403,03-APR-20,2020,2,4,"April",14,14,0
20200404,04-APR-20,2020,2,4,"April",14,14,1
20200405,05-APR-20,2020,2,4,"April",14,14,1
20200406,06-APR-20,2020,2,4,"April",15,15,0
20200407,07-APR-20,2020,2,4,"April",15,15,0
20200408,08-APR-20,2020,2,4,"April",15,15,0
20200409,09-APR-20,2020,2,4,"April",15,15,0
20200410,10-APR-20,2020,2,4,"April",15,15,0
20200411,11-APR-20,2020,2,4,"April",15,15,1
20200412,12-APR-20,2020,2,4,"April",15,15,1
20200413,13-APR-20,2020,2,4,"April",16,16,0
20200414,14-APR-20,2020,2,4,"April",16,16,0
20200415,15-APR-20,2020,2,4,"April",16,16,0
20200416,16-APR-20,2020,2,4,"April",16,16,0
20200417,17-APR-20,2020,2,4,"April",16,16,0
20200418,18-APR-20,2020,2,4,"April",16,16,1
20200419,19-APR-20,2020,2,4,"April",16,16,1
20200420,20-APR-20,2020,2,4,"April",17,17,0
20200421,21-APR-20,2020,2,4,"April",17,17,0
20200422,22-APR-20,2020,2,4,"April",17,17,0
20200423,23-APR-20,2020,2,4,"April",17,17,0
20200424,24-APR-20,2020,2,4,"April",17,17,0
20200425,25-APR-20,2020,2,4,"April",17,17,1
20200426,26-APR-20,2020,2,4,"April",17,17,1
20200427,27-APR-20,2020,2,4,"April",18,18,0
20200428,28-APR-20,2020,2,4,"April",18,18,0
20200429,29-APR-20,2020,2,4,"April",18,18,0
20200430,30-APR-20,2020,2,4,"April",18,18,0
20200501,01-MAY-20,2020,2,5,"May",18,18,0
20200502,02-MAY-20,2020,2,5,"May",18,18,1
20200503,03-MAY-20,2020,2,5,"May",18,18,1
20200504,04-MAY-20,2020,2,5,"May",19,19,0
20200505,05-MAY-20,2020,2,5,"May",19,19,0
20200506,06-MAY-20,2020,2,5,"May",19,19,0
20200507,07-MAY-20,2020,2,5,"May",19,19,0
20200508,08-MAY-20,2020,2,5,"May",19,19,0
20200509,09-MAY-20,2020,2,5,"May",19,19,1
20200510,10-MAY-20,2020,2,5,"May",19,19,1
20200511,11-MAY-20,2020,2,5,"May",20,20,0
20200512,12-MAY-20,2020,2,5,"May",20,20,0
20200513,13-MAY-20,2020,2,5,"May",20,20,0
20200514,14-MAY-20,2020,2,5,"May",20,20,0
20200515,15-MAY-20,2020,2,5,"May",20,20,0
20200516,16-MAY-20,2020,2,5,"May",20,20,1
20200517,17-MAY-20,2020,2,5,"May",20,20,1
20200518,18-MAY-20,2020,2,5,"May",21,21,0
20200519,19-MAY-20,2020,2,5,"May",21,21,0
20200520,20-MAY-20,2020,2,5,"May",21,21,0
20200521,21-MAY-20,2020,2,5,"May",21,21,0
20200522,22-MAY-20,2020,2,5,"May",21,21,0
20200523,23-MAY-20,2020,2,5,"May",21,21,1
20200524,24-MAY-20,2020,2,5,"May",21,21,1
20200525,25-MAY-20,2020,2,5,"May",22,22,0
20200526,26-MAY-20,2020,2,5,"May",22,22,0
20200527,27-MAY-20,2020,2,5,"May",22,22,0
20200528,28-MAY-20,2020,2,5,"May",22,22,0
20200529,29-MAY-20,2020,2,5,"May",22,22,0
20200530,30-MAY-20,2020,2,5,"May",22,22,1
20200531,31-MAY-20,2020,2,5,"May",22,22,1
20200601,01-JUN-20,2020,2,6,"June",23,23,0
20200602,02-JUN-20,2020,2,6,"June",23,23,0
20200603,03-JUN-20,2020,2,6,"June",23,23,0
20200604,04-JUN-20,2020,2,6,"June",23,23,0
20200605,05-JUN-20,2020,2,6,"June",23,23,0
20200606,06-JUN-20,2020,2,6,"June",23,23,1
20200607,07-JUN-20,2020,2,6,"June",23,23,1
20200608,08-JUN-20,2020,2,6,"June",24,24,0
20200609,09-JUN-20,2020,2,6,"June",24,24,0
20200610,10-JUN-20,2020,2,6,"June",24,24,0
20200611,11-JUN-20,2020,2,6,"June",24,24,0
20200612,12-JUN-20,2020,2,6,"June",24,24,0
20200613,13-JUN-20,2020,2,6,"June",24,24,1
20200614,14-JUN-20,2020,2,6,"June",24,24,1
20200615,15-JUN-20,2020,2,6,"June",25,25,0
20200616,16-JUN-20,2020,2,6,"June",25,25,0
20200617,17-JUN-20,2020,2,6,"June",25,25,0
20200618,18-JUN-20,2020,2,6,"June",25,25,0
20200619,19-JUN-20,2020,2,6,"June",25,25,0
20200620,20-JUN-20,2020,2,6,"June",25,25,1
20200621,21-JUN-20,2020,2,6,"June",25,25,1
20200622,22-JUN-20,2020,2,6,"June",26,26,0
20200623,23-JUN-20,2020,2,6,"June",26,26,0
20200624,24-JUN-20,2020,2,6,"June",26,26,0
20200625,25-JUN-20,2020,2,6,"June",26,26,0
20200626,26-JUN-20,2020,2,6,"June",26,26,0
20200627,27-JUN-20,2020,2,6,"June",26,26,1
20200628,28-JUN-20,2020,2,6,"June",26,26,1
20200629,29-JUN-20,2020,2,6,"June",27,27,0
20200630,30-JUN-20,2020,2,6,"June",27,27,0
20200701,01-JUL-20,2020,3,7,"July",27,27,0
20200702,02-JUL-20,2020,3,7,"July",27,27,0
20200703,03-JUL-20,2020,3,7,"July",27,27,0
20200704,04-JUL-20,2020,3,7,"July",27,27,1
20200705,05-JUL-20,2020,3,7,"July",27,27,1
20200706,06-JUL-20,2020,3,7,"July",28,28,0
20200707,07-JUL-20,2020,3,7,"July",28,28,0
20200708,08-JUL-20,2020,3,7,"July",28,28,0
20200709,09-JUL-20,2020,3,7,"July",28,28,0
20200710,10-JUL-20,2020,3,7,"July",28,28,0
20200711,11-JUL-20,2020,3,7,"July",28,28,1
20200712,12-JUL-20,2020,3,7,"July",28,28,1
20200713,13-JUL-20,2020,3,7,"July",29,29,0
20200714,14-JUL-20,2020,3,7,"July",29,29,0
20200715,15-JUL-20,2020,3,7,"July",29,29,0
20200716,16-JUL-20,2020,3,7,"July",29,29,0
20200717,17-JUL-20,2020,3,7,"July",29,29,0
20200718,18-JUL-20,2020,3,7,"July",29,29,1
20200719,19-JUL-20,2020,3,7,"July",29,29,1
20200720,20-JUL-20,2020,3,7,"July",30,30,0
20200721,21-JUL-20,2020,3,7,"July",30,30,0
20200722,22-JUL-20,2020,3,7,"July",30,30,0
20200723,23-JUL-20,2020,3,7,"July",30,30,0
20200724,24-JUL-20,2020,3,7,"July",30,30,0
20200725,25-JUL-20,2020,3,7,"July",30,30,1
20200726,26-JUL-20,2020,3,7,"July",30,30,1
20200727,27-JUL-20,2020,3,7,"July",31,31,0
20200728,28-JUL-20,2020,3,7,"July",31,31,0
20200729,29-JUL-20,2020,3,7,"July",31,31,0
20200730,30-JUL-20,2020,3,7,"July",31,31,0
20200731,31-JUL-20,2020,3,7,"July",31,31,0
20200801,01-AUG-20,2020,3,8,"August",31,31,1
20200802,02-AUG-20,2020,3,8,"August",31,31,1
20200803,03-AUG-20,2020,3,8,"August",32,32,0
20200804,04-AUG-20,2020,3,8,"August",32,32,0
20200805,05-AUG-20,2020,3,8,"August",32,32,0
20200806,06-AUG-20,2020,3,8,"August",32,32,0
20200807,07-AUG-20,2020,3,8,"August",32,32,0
20200808,08-AUG-20,2020,3,8,"August",32,32,1
20200809,09-AUG-20,2020,3,8,"August",32,32,1
20200810,10-AUG-20,2020,3,8,"August",33,33,0
20200811,11-AUG-20,2020,3,8,"August",33,33,0
20200812,12-AUG-20,2020,3,8,"August",33,33,0
20200813,13-AUG-20,2020,3,8,"August",33,33,0
20200814,14-AUG-20,2020,3,8,"August",33,33,0
20200815,15-AUG-20,2020,3,8,"August",33,33,1
20200816,16-AUG-20,2020,3,8,"August",33,33,1
20200817,17-AUG-20,2020,3,8,"August",34,34,0
20200818,18-AUG-20,2020,3,8,"August",34,34,0
20200819,19-AUG-20,2020,3,8,"August",34,34,0
20200820,20-AUG-20,2020,3,8,"August",34,34,0
20200821,21-AUG-20,2020,3,8,"August",34,34,0
20200822,22-AUG-20,2020,3,8,"August",34,34,1
20200823,23-AUG-20,2020,3,8,"August",34,34,1
20200824,24-AUG-20,2020,3,8,"August",35,35,0
20200825,25-AUG-20,2020,3,8,"August",35,35,0
20200826,26-AUG-20,2020,3,8,"August",35,35,0
20200827,27-AUG-20,2020,3,8,"August",35,35,0
20200828,28-AUG-20,2020,3,8,"August",35,35,0
20200829,29-AUG-20,2020,3,8,"August",35,35,1
20200830,30-AUG-20,2020,3,8,"August",35,35,1
20200831,31-AUG-20,2020,3,8,"August",36,36,0
20200901,01-SEP-20,2020,3,9,"September",36,36,0
20200902,02-SEP-20,2020,3,9,"September",36,36,0
20200903,03-SEP-20,2020,3,9,"September",36,36,0
20200904,04-SEP-20,2020,3,9,"September",36,36,0
20200905,05-SEP-20,2020,3,9,"September",36,36,1
20200906,06-SEP-20,2020,3,9,"September",36,36,1
20200907,07-SEP-20,2020,3,9,"September",37,37,0
20200908,08-SEP-20,2020,3,9,"September",37,37,0
20200909,09-SEP-20,2020,3,9,"September",37,37,0
20200910,10-SEP-20,2020,3,9,"September",37,37,0
20200911,11-SEP-20,2020,3,9,"September",37,37,0
20200912,12-SEP-20,2020,3,9,"September",37,37,1
20200913,13-SEP-20,2020,3,9,"September",37,37,1
20200914,14-SEP-20,2020,3,9,"September",38,38,0
20200915,15-SEP-20,2020,3,9,"September",38,38,0
20200916,16-SEP-20,2020,3,9,"September",38,38,0
20200917,17-SEP-20,2020,3,9,"September",38,38,0
20200918,18-SEP-20,2020,3,9,"September",38,38,0
20200919,19-SEP-20,2020,3,9,"September",38,38,1
20200920,20-SEP-20,2020,3,9,"September",38,38,1
20200921,21-SEP-20,2020,3,9,"September",39,39,0
20200922,22-SEP-20,2020,3,9,"September",39,39,0
20200923,23-SEP-20,2020,3,9,"September",39,39,0
20200924,24-SEP-20,2020,3,9,"September",39,39,0
20200925,25-SEP-20,2020,3,9,"September",39,39,0
20200926,26-SEP-20,2020,3,9,"September",39,39,1
20200927,27-SEP-20,2020,3,9,"September",39,39,1
20200928,28-SEP-20,2020,3,9,"September",40,40,0
20200929,29-SEP-20,2020,3,9,"September",40,40,0
20200930,30-SEP-20,2020,3,9,"September",40,40,0
20201001,01-OCT-20,2020,4,10,"October",40,40,0
20201002,02-OCT-20,2020,4,10,"October",40,40,0
20201003,03-OCT-20,2020,4,10,"October",40,40,1
20201004,04-OCT-20,2020,4,10,"October",40,40,1
20201005,05-OCT-20,2020,4,10,"October",41,41,0
20201006,06-OCT-20,2020,4,10,"October",41,41,0
20201007,07-OCT-20,2020,4,10,"October",41,41,0
20201008,08-OCT-20,2020,4,10,"October",41,41,0
20201009,09-OCT-20,2020,4,10,"October",41,41,0
20201010,10-OCT-20,2020,4,10,"October",41,41,1
20201011,11-OCT-20,2020,4,10,"October",41,41,1
20201012,12-OCT-20,2020,4,10,"October",42,42,0
20201013,13-OCT-20,2020,4,10,"October",42,42,0
20201014,14-OCT-20,2020,4,10,"October",42,42,0
20201015,15-OCT-20,2020,4,10,"October",42,42,0
20201016,16-OCT-20,2020,4,10,"October",42,42,0
20201017,17-OCT-20,2020,4,10,"October",42,42,1
20201018,18-OCT-20,2020,4,10,"October",42,42,1
20201019,19-OCT-20,2020,4,10,"October",43,43,0
20201020,20-OCT-20,2020,4,10,"October",43,43,0
20201021,21-OCT-20,2020,4,10,"October",43,43,0
20201022,22-OCT-20,2020,4,10,"October",43,43,0
20201023,23-OCT-20,2020,4,10,"October",43,43,0
20201024,24-OCT-20,2020,4,10,"October",43,43,1
20201025,25-OCT-20,2020,4,10,"October",43,43,1
20201026,26-OCT-20,2020,4,10,"October",44,44,0
20201027,27-OCT-20,2020,4,10,"October",44,44,0
20201028,28-OCT-20,2020,4,10,"October",44,44,0
20201029,29-OCT-20,2020,4,10,"October",44,44,0
20201030,30-OCT-20,2020,4,10,"October",44,44,0
20201031,31-OCT-20,2020,4,10,"October",44,44,1
20201101,01-NOV-20,2020,4,11,"November",44,44,1
20201102,02-NOV-20,2020,4,11,"November",45,45,0
20201103,03-NOV-20,2020,4,11,"November",45,45,0
20201104,04-NOV-20,2020,4,11,"November",45,45,0
20201105,05-NOV-20,2020,4,11,"November",45,45,0
20201106,06-NOV-20,2020,4,11,"November",45,45,0
20201107,07-NOV-20,2020,4,11,"November",45,45,1
20201108,08-NOV-20,2020,4,11,"November",45,45,1
20201109,09-NOV-20,2020,4,11,"November",46,46,0
20201110,10-NOV-20,2020,4,11,"November",46,46,0
20201111,11-NOV-20,2020,4,11,"November",46,46,0
20201112,12-NOV-20,2020,4,11,"November",46,46,0
20201113,13-NOV-20,2020,4,11,"November",46,46,0
20201114,14-NOV-20,2020,4,11,"November",46,46,1
20201115,15-NOV-20,2020,4,11,"November",46,46,1
20201116,16-NOV-20,2020,4,11,"November",47,47,0
20201117,17-NOV-20,2020,4,11,"November",47,47,0
20201118,18-NOV-20,2020,4,11,"November",47,47,0
20201119,19-NOV-20,2020,4,11,"November",47,47,0
20201120,20-NOV-20,2020,4,11,"November",47,47,0
20201121,21-NOV-20,2020,4,11,"November",47,47,1
20201122,22-NOV-20,2020,4,11,"November",47,47,1
20201123,23-NOV-20,2020,4,11,"November",48,48,0
20201124,24-NOV-20,2020,4,11,"November",48,48,0
20201125,25-NOV-20,2020,4,11,"November",48,48,0
20201126,26-NOV-20,2020,4,11,"November",48,48,0
20201127,27-NOV-20,2020,4,11,"November",48,48,0
20201128,28-NOV-20,2020,4,11,"November",48,48,1
20201129,29-NOV-20,2020,4,11,"November",48,48,1
20201130,30-NOV-20,2020,4,11,"November",49,49,0
20201201,01-DEC-20,2020,4,12,"December",49,49,0
20201202,02-DEC-20,2020,4,12,"December",49,49,0
20201203,03-DEC-20,2020,4,12,"December",49,49,0
20201204,04-DEC-20,2020,4,12,"December",49,49,0
20201205,05-DEC-20,2020,4,12,"December",49,49,1
20201206,06-DEC-20,2020,4,12,"December",49,49,1
20201207,07-DEC-20,2020,4,12,"December",50,50,0
20201208,08-DEC-20,2020,4,12,"December",50,50,0
20201209,09-DEC-20,2020,4,12,"December",50,50,0
20201210,10-DEC-20,2020,4,12,"December",50,50,0
20201211,11-DEC-20,2020,4,12,"December",50,50,0
20201212,12-DEC-20,2020,4,12,"December",50,50,1
20201213,13-DEC-20,2020,4,12,"December",50,50,1
20201214,14-DEC-20,2020,4,12,"December",51,51,0
20201215,15-DEC-20,2020,4,12,"December",51,51,0
20201216,16-DEC-20,2020,4,12,"December",51,51,0
20201217,17-DEC-20,2020,4,12,"December",51,51,0
20201218,18-DEC-20,2020,4,12,"December",51,51,0
20201219,19-DEC-20,2020,4,12,"December",51,51,1
20201220,20-DEC-20,2020,4,12,"December",51,51,1
20201221,21-DEC-20,2020,4,12,"December",52,52,0
20201222,22-DEC-20,2020,4,12,"December",52,52,0
20201223,23-DEC-20,2020,4,12,"December",52,52,0
20201224,24-DEC-20,2020,4,12,"December",52,52,0
20201225,25-DEC-20,2020,4,12,"December",52,52,0
20201226,26-DEC-20,2020,4,12,"December",52,52,1
20201227,27-DEC-20,2020,4,12,"December",52,52,1
20201228,28-DEC-20,2020,4,12,"December",53,53,0
20201229,29-DEC-20,2020,4,12,"December",53,53,0
20201230,30-DEC-20,2020,4,12,"December",53,53,0
20201231,31-DEC-20,2020,4,12,"December",53,53,0
20210101,01-JAN-21,2021,1,1,"January",53,53,0
20210102,02-JAN-21,2021,1,1,"January",53,53,1
20210103,03-JAN-21,2021,1,1,"January",53,53,1
20210104,04-JAN-21,2021,1,1,"January",1,1,0
20210105,05-JAN-21,2021,1,1,"January",1,1,0
20210106,06-JAN-21,2021,1,1,"January",1,1,0
20210107,07-JAN-21,2021,1,1,"January",1,1,0
20210108,08-JAN-21,2021,1,1,"January",1,1,0
20210109,09-JAN-21,2021,1,1,"January",1,1,1
20210110,10-JAN-21,2021,1,1,"January",1,1,1
20210111,11-JAN-21,2021,1,1,"January",2,2,0
20210112,12-JAN-21,2021,1,1,"January",2,2,0
20210113,13-JAN-21,2021,1,1,"January",2,2,0
20210114,14-JAN-21,2021,1,1,"January",2,2,0
20210115,15-JAN-21,2021,1,1,"January",2,2,0
20210116,16-JAN-21,2021,1,1,"January",2,2,1
20210117,17-JAN-21,2021,1,1,"January",2,2,1
20210118,18-JAN-21,2021,1,1,"January",3,3,0
20210119,19-JAN-21,2021,1,1,"January",3,3,0
20210120,20-JAN-21,2021,1,1,"January",3,3,0
20210121,21-JAN-21,2021,1,1,"January",3,3,0
20210122,22-JAN-21,2021,1,1,"January",3,3,0
20210123,23-JAN-21,2021,1,1,"January",3,3,1
20210124,24-JAN-21,2021,1,1,"January",3,3,1
20210125,25-JAN-21,2021,1,1,"January",4,4,0
20210126,26-JAN-21,2021,1,1,"January",4,4,0
20210127,27-JAN-21,2021,1,1,"January",4,4,0
20210128,28-JAN-21,2021,1,1,"January",4,4,0
20210129,29-JAN-21,2021,1,1,"January",4,4,0
20210130,30-JAN-21,2021,1,1,"January",4,4,1
20210131,31-JAN-21,2021,1,1,"January",4,4,1
20210201,01-FEB-21,2021,1,2,"February",5,5,0
20210202,02-FEB-21,2021,1,2,"February",5,5,0
20210203,03-FEB-21,2021,1,2,"February",5,5,0
20210204,04-FEB-21,2021,1,2,"February",5,5,0
20210205,05-FEB-21,2021,1,2,"February",5,5,0
20210206,06-FEB-21,2021,1,2,"February",5,5,1
20210207,07-FEB-21,2021,1,2,"February",5,5,1
20210208,08-FEB-21,2021,1,2,"February",6,6,0
20210209,09-FEB-21,2021,1,2,"February",6,6,0
20210210,10-FEB-21,2021,1,2,"February",6,6,0
20210211,11-FEB-21,2021,1,2,"February",6,6,0
20210212,12-FEB-21,2021,1,2,"February",6,6,0
20210213,13-FEB-21,2021,1,2,"February",6,6,1
20210214,14-FEB-21,2021,1,2,"February",6,6,1
20210215,15-FEB-21,2021,1,2,"February",7,7,0
20210216,16-FEB-21,2021,1,2,"February",7,7,0
20210217,17-FEB-21,2021,1,2,"February",7,7,0
20210218,18-FEB-21,2021,1,2,"February",7,7,0
20210219,19-FEB-21,2021,1,2,"February",7,7,0
20210220,20-FEB-21,2021,1,2,"February",7,7,1
20210221,21-FEB-21,2021,1,2,"February",7,7,1
20210222,22-FEB-21,2021,1,2,"February",8,8,0
20210223,23-FEB-21,2021,1,2,"February",8,8,0
20210224,24-FEB-21,2021,1,2,"February",8,8,0
20210225,25-FEB-21,2021,1,2,"February",8,8,0
20210226,26-FEB-21,2021,1,2,"February",8,8,0
20210227,27-FEB-21,2021,1,2,"February",8,8,1
20210228,28-FEB-21,2021,1,2,"February",8,8,1
20210301,01-MAR-21,2021,1,3,"March",9,9,0
20210302,02-MAR-21,2021,1,3,"March",9,9,0
20210303,03-MAR-21,2021,1,3,"March",9,9,0
20210304,04-MAR-21,2021,1,3,"March",9,9,0
20210305,05-MAR-21,2021,1,3,"March",9,9,0
20210306,06-MAR-21,2021,1,3,"March",9,9,1
20210307,07-MAR-21,2021,1,3,"March",9,9,1
20210308,08-MAR-21,2021,1,3,"March",10,10,0
20210309,09-MAR-21,2021,1,3,"March",10,10,0
20210310,10-MAR-21,2021,1,3,"March",10,10,0
20210311,11-MAR-21,2021,1,3,"March",10,10,0
20210312,12-MAR-21,2021,1,3,"March",10,10,0
20210313,13-MAR-21,2021,1,3,"March",10,10,1
20210314,14-MAR-21,2021,1,3,"March",10,10,1
20210315,15-MAR-21,2021,1,3,"March",11,11,0
20210316,16-MAR-21,2021,1,3,"March",11,11,0
20210317,17-MAR-21,2021,1,3,"March",11,11,0
20210318,18-MAR-21,2021,1,3,"March",11,11,0
20210319,19-MAR-21,2021,1,3,"March",11,11,0
20210320,20-MAR-21,2021,1,3,"March",11,11,1
20210321,21-MAR-21,2021,1,3,"March",11,11,1
20210322,22-MAR-21,2021,1,3,"March",12,12,0
20210323,23-MAR-21,2021,1,3,"March",12,12,0
20210324,24-MAR-21,2021,1,3,"March",12,12,0
20210325,25-MAR-21,2021,1,3,"March",12,12,0
20210326,26-MAR-21,2021,1,3,"March",12,12,0
20210327,27-MAR-21,2021,1,3,"March",12,12,1
20210328,28-MAR-21,2021,1,3,"March",12,12,1
20210329,29-MAR-21,2021,1,3,"March",13,13,0
20210330,30-MAR-21,2021,1,3,"March",13,13,0
20210331,31-MAR-21,2021,1,3,"March",13,13,0
20210401,01-APR-21,2021,2,4,"April",13,13,0
20210402,02-APR-21,2021,2,4,"April",13,13,0
20210403,03-APR-21,2021,2,4,"April",13,13,1
20210404,04-APR-21,2021,2,4,"April",13,13,1
20210405,05-APR-21,2021,2,4,"April",14,14,0
20210406,06-APR-21,2021,2,4,"April",14,14,0
20210407,07-APR-21,2021,2,4,"April",14,14,0
20210408,08-APR-21,2021,2,4,"April",14,14,0
20210409,09-APR-21,2021,2,4,"April",14,14,0
20210410,10-APR-21,2021,2,4,"April",14,14,1
20210411,11-APR-21,2021,2,4,"April",14,14,1
20210412,12-APR-21,2021,2,4,"April",15,15,0
20210413,13-APR-21,2021,2,4,"April",15,15,0
20210414,14-APR-21,2021,2,4,"April",15,15,0
20210415,15-APR-21,2021,2,4,"April",15,15,0
20210416,16-APR-21,2021,2,4,"April",15,15,0
20210417,17-APR-21,2021,2,4,"April",15,15,1
20210418,18-APR-21,2021,2,4,"April",15,15,1
20210419,19-APR-21,2021,2,4,"April",16,16,0
20210420,20-APR-21,2021,2,4,"April",16,16,0
20210421,21-APR-21,2021,2,4,"April",16,16,0
20210422,22-APR-21,2021,2,4,"April",16,16,0
20210423,23-APR-21,2021,2,4,"April",16,16,0
20210424,24-APR-21,2021,2,4,"April",16,16,1
20210425,25-APR-21,2021,2,4,"April",16,16,1
20210426,26-APR-21,2021,2,4,"April",17,17,0
20210427,27-APR-21,2021,2,4,"April",17,17,0
20210428,28-APR-21,2021,2,4,"April",17,17,0
20210429,29-APR-21,2021,2,4,"April",17,17,0
20210430,30-APR-21,2021,2,4,"April",17,17,0
20210501,01-MAY-21,2021,2,5,"May",17,17,1
20210502,02-MAY-21,2021,2,5,"May",17,17,1
20210503,03-MAY-21,2021,2,5,"May",18,18,0
20210504,04-MAY-21,2021,2,5,"May",18,18,0
20210505,05-MAY-21,2021,2,5,"May",18,18,0
20210506,06-MAY-21,2021,2,5,"May",18,18,0
20210507,07-MAY-21,2021,2,5,"May",18,18,0
20210508,08-MAY-21,2021,2,5,"May",18,18,1
20210509,09-MAY-21,2021,2,5,"May",18,18,1
20210510,10-MAY-21,2021,2,5,"May",19,19,0
20210511,11-MAY-21,2021,2,5,"May",19,19,0
20210512,12-MAY-21,2021,2,5,"May",19,19,0
20210513,13-MAY-21,2021,2,5,"May",19,19,0
20210514,14-MAY-21,2021,2,5,"May",19,19,0
20210515,15-MAY-21,2021,2,5,"May",19,19,1
20210516,16-MAY-21,2021,2,5,"May",19,19,1
20210517,17-MAY-21,2021,2,5,"May",20,20,0
20210518,18-MAY-21,2021,2,5,"May",20,20,0
20210519,19-MAY-21,2021,2,5,"May",20,20,0
20210520,20-MAY-21,2021,2,5,"May",20,20,0
20210521,21-MAY-21,2021,2,5,"May",20,20,0
20210522,22-MAY-21,2021,2,5,"May",20,20,1
20210523,23-MAY-21,2021,2,5,"May",20,20,1
20210524,24-MAY-21,2021,2,5,"May",21,21,0
20210525,25-MAY-21,2021,2,5,"May",21,21,0
20210526,26-MAY-21,2021,2,5,"May",21,21,0
20210527,27-MAY-21,2021,2,5,"May",21,21,0
20210528,28-MAY-21,2021,2,5,"May",21,21,0
20210529,29-MAY-21,2021,2,5,"May",21,21,1
20210530,30-MAY-21,2021,2,5,"May",21,21,1
20210531,31-MAY-21,2021,2,5,"May",22,22,0
20210601,01-JUN-21,2021,2,6,"June",22,22,0
20210602,02-JUN-21,2021,2,6,"June",22,22,0
20210603,03-JUN-21,2021,2,6,"June",22,22,0
20210604,04-JUN-21,2021,2,6,"June",22,22,0
20210605,05-JUN-21,2021,2,6,"June",22,22,1
20210606,06-JUN-21,2021,2,6,"June",22,22,1
20210607,07-JUN-21,2021,2,6,"June",23,23,0
20210608,08-JUN-21,2021,2,6,"June",23,23,0
20210609,09-JUN-21,2021,2,6,"June",23,23,0
20210610,10-JUN-21,2021,2,6,"June",23,23,0
20210611,11-JUN-21,2021,2,6,"June",23,23,0
20210612,12-JUN-21,2021,2,6,"June",23,23,1
20210613,13-JUN-21,2021,2,6,"June",23,23,1
20210614,14-JUN-21,2021,2,6,"June",24,24,0
20210615,15-JUN-21,2021,2,6,"June",24,24,0
20210616,16-JUN-21,2021,2,6,"June",24,24,0
20210617,17-JUN-21,2021,2,6,"June",24,24,0
20210618,18-JUN-21,2021,2,6,"June",24,24,0
20210619,19-JUN-21,2021,2,6,"June",24,24,1
20210620,20-JUN-21,2021,2,6,"June",24,24,1
20210621,21-JUN-21,2021,2,6,"June",25,25,0
20210622,22-JUN-21,2021,2,6,"June",25,25,0
20210623,23-JUN-21,2021,2,6,"June",25,25,0
20210624,24-JUN-21,2021,2,6,"June",25,25,0
20210625,25-JUN-21,2021,2,6,"June",25,25,0
20210626,26-JUN-21,2021,2,6,"June",25,25,1
20210627,27-JUN-21,2021,2,6,"June",25,25,1
20210628,28-JUN-21,2021,2,6,"June",26,26,0
20210629,29-JUN-21,2021,2,6,"June",26,26,0
20210630,30-JUN-21,2021,2,6,"June",26,26,0
20210701,01-JUL-21,2021,3,7,"July",26,26,0
20210702,02-JUL-21,2021,3,7,"July",26,26,0
20210703,03-JUL-21,2021,3,7,"July",26,26,1
20210704,04-JUL-21,2021,3,7,"July",26,26,1
20210705,05-JUL-21,2021,3,7,"July",27,27,0
20210706,06-JUL-21,2021,3,7,"July",27,27,0
20210707,07-JUL-21,2021,3,7,"July",27,27,0
20210708,08-JUL-21,2021,3,7,"July",27,27,0
20210709,09-JUL-21,2021,3,7,"July",27,27,0
20210710,10-JUL-21,2021,3,7,"July",27,27,1
20210711,11-JUL-21,2021,3,7,"July",27,27,1
20210712,12-JUL-21,2021,3,7,"July",28,28,0
20210713,13-JUL-21,2021,3,7,"July",28,28,0
20210714,14-JUL-21,2021,3,7,"July",28,28,0
20210715,15-JUL-21,2021,3,7,"July",28,28,0
20210716,16-JUL-21,2021,3,7,"July",28,28,0
20210717,17-JUL-21,2021,3,7,"July",28,28,1
20210718,18-JUL-21,2021,3,7,"July",28,28,1
20210719,19-JUL-21,2021,3,7,"July",29,29,0
20210720,20-JUL-21,2021,3,7,"July",29,29,0
20210721,21-JUL-21,2021,3,7,"July",29,29,0
20210722,22-JUL-21,2021,3,7,"July",29,29,0
20210723,23-JUL-21,2021,3,7,"July",29,29,0
20210724,24-JUL-21,2021,3,7,"July",29,29,1
20210725,25-JUL-21,2021,3,7,"July",29,29,1
20210726,26-JUL-21,2021,3,7,"July",30,30,0
20210727,27-JUL-21,2021,3,7,"July",30,30,0
20210728,28-JUL-21,2021,3,7,"July",30,30,0
20210729,29-JUL-21,2021,3,7,"July",30,30,0
20210730,30-JUL-21,2021,3,7,"July",30,30,0
20210731,31-JUL-21,2021,3,7,"July",30,30,1
20210801,01-AUG-21,2021,3,8,"August",30,30,1
20210802,02-AUG-21,2021,3,8,"August",31,31,0
20210803,03-AUG-21,2021,3,8,"August",31,31,0
20210804,04-AUG-21,2021,3,8,"August",31,31,0
20210805,05-AUG-21,2021,3,8,"August",31,31,0
20210806,06-AUG-21,2021,3,8,"August",31,31,0
20210807,07-AUG-21,2021,3,8,"August",31,31,1
20210808,08-AUG-21,2021,3,8,"August",31,31,1
20210809,09-AUG-21,2021,3,8,"August",32,32,0
20210810,10-AUG-21,2021,3,8,"August",32,32,0
20210811,11-AUG-21,2021,3,8,"August",32,32,0
20210812,12-AUG-21,2021,3,8,"August",32,32,0
20210813,13-AUG-21,2021,3,8,"August",32,32,0
20210814,14-AUG-21,2021,3,8,"August",32,32,1
20210815,15-AUG-21,2021,3,8,"August",32,32,1
20210816,16-AUG-21,2021,3,8,"August",33,33,0
20210817,17-AUG-21,2021,3,8,"August",33,33,0
20210818,18-AUG-21,2021,3,8,"August",33,33,0
20210819,19-AUG-21,2021,3,8,"August",33,33,0
20210820,20-AUG-21,2021,3,8,"August",33,33,0
20210821,21-AUG-21,2021,3,8,"August",33,33,1
20210822,22-AUG-21,2021,3,8,"August",33,33,1
20210823,23-AUG-21,2021,3,8,"August",34,34,0
20210824,24-AUG-21,2021,3,8,"August",34,34,0
20210825,25-AUG-21,2021,3,8,"August",34,34,0
20210826,26-AUG-21,2021,3,8,"August",34,34,0
20210827,27-AUG-21,2021,3,8,"August",34,34,0
20210828,28-AUG-21,2021,3,8,"August",34,34,1
20210829,29-AUG-21,2021,3,8,"August",34,34,1
20210830,30-AUG-21,2021,3,8,"August",35,35,0
20210831,31-AUG-21,2021,3,8,"August",35,35,0
20210901,01-SEP-21,2021,3,9,"September",35,35,0
20210902,02-SEP-21,2021,3,9,"September",35,35,0
20210903,03-SEP-21,2021,3,9,"September",35,35,0
20210904,04-SEP-21,2021,3,9,"September",35,35,1
20210905,05-SEP-21,2021,3,9,"September",35,35,1
20210906,06-SEP-21,2021,3,9,"September",36,36,0
20210907,07-SEP-21,2021,3,9,"September",36,36,0
20210908,08-SEP-21,2021,3,9,"September",36,36,0
20210909,09-SEP-21,2021,3,9,"September",36,36,0
20210910,10-SEP-21,2021,3,9,"September",36,36,0
20210911,11-SEP-21,2021,3,9,"September",36,36,1
20210912,12-SEP-21,2021,3,9,"September",36,36,1
20210913,13-SEP-21,2021,3,9,"September",37,37,0
20210914,14-SEP-21,2021,3,9,"September",37,37,0
20210915,15-SEP-21,2021,3,9,"September",37,37,0
20210916,16-SEP-21,2021,3,9,"September",37,37,0
20210917,17-SEP-21,2021,3,9,"September",37,37,0
20210918,18-SEP-21,2021,3,9,"September",37,37,1
20210919,19-SEP-21,2021,3,9,"September",37,37,1
20210920,20-SEP-21,2021,3,9,"September",38,38,0
20210921,21-SEP-21,2021,3,9,"September",38,38,0
20210922,22-SEP-21,2021,3,9,"September",38,38,0
20210923,23-SEP-21,2021,3,9,"September",38,38,0
20210924,24-SEP-21,2021,3,9,"September",38,38,0
20210925,25-SEP-21,2021,3,9,"September",38,38,1
20210926,26-SEP-21,2021,3,9,"September",38,38,1
20210927,27-SEP-21,2021,3,9,"September",39,39,0
20210928,28-SEP-21,2021,3,9,"September",39,39,0
20210929,29-SEP-21,2021,3,9,"September",39,39,0
20210930,30-SEP-21,2021,3,9,"September",39,39,0
20211001,01-OCT-21,2021,4,10,"October",39,39,0
20211002,02-OCT-21,2021,4,10,"October",39,39,1
20211003,03-OCT-21,2021,4,10,"October",39,39,1
20211004,04-OCT-21,2021,4,10,"October",40,40,0
20211005,05-OCT-21,2021,4,10,"October",40,40,0
20211006,06-OCT-21,2021,4,10,"October",40,40,0
20211007,07-OCT-21,2021,4,10,"October",40,40,0
20211008,08-OCT-21,2021,4,10,"October",40,40,0
20211009,09-OCT-21,2021,4,10,"October",40,40,1
20211010,10-OCT-21,2021,4,10,"October",40,40,1
20211011,11-OCT-21,2021,4,10,"October",41,41,0
20211012,12-OCT-21,2021,4,10,"October",41,41,0
20211013,13-OCT-21,2021,4,10,"October",41,41,0
20211014,14-OCT-21,2021,4,10,"October",41,41,0
20211015,15-OCT-21,2021,4,10,"October",41,41,0
20211016,16-OCT-21,2021,4,10,"October",41,41,1
20211017,17-OCT-21,2021,4,10,"October",41,41,1
20211018,18-OCT-21,2021,4,10,"October",42,42,0
20211019,19-OCT-21,2021,4,10,"October",42,42,0
20211020,20-OCT-21,2021,4,10,"October",42,42,0
20211021,21-OCT-21,2021,4,10,"October",42,42,0
20211022,22-OCT-21,2021,4,10,"October",42,42,0
20211023,23-OCT-21,2021,4,10,"October",42,42,1
20211024,24-OCT-21,2021,4,10,"October",42,42,1
20211025,25-OCT-21,2021,4,10,"October",43,43,0
20211026,26-OCT-21,2021,4,10,"October",43,43,0
20211027,27-OCT-21,2021,4,10,"October",43,43,0
20211028,28-OCT-21,2021,4,10,"October",43,43,0
20211029,29-OCT-21,2021,4,10,"October",43,43,0
20211030,30-OCT-21,2021,4,10,"October",43,43,1
20211031,31-OCT-21,2021,4,10,"October",43,43,1
20211101,01-NOV-21,2021,4,11,"November",44,44,0
20211102,02-NOV-21,2021,4,11,"November",44,44,0
20211103,03-NOV-21,2021,4,11,"November",44,44,0
20211104,04-NOV-21,2021,4,11,"November",44,44,0
20211105,05-NOV-21,2021,4,11,"November",44,44,0
20211106,06-NOV-21,2021,4,11,"November",44,44,1
20211107,07-NOV-21,2021,4,11,"November",44,44,1
20211108,08-NOV-21,2021,4,11,"November",45,45,0
20211109,09-NOV-21,2021,4,11,"November",45,45,0
20211110,10-NOV-21,2021,4,11,"November",45,45,0
20211111,11-NOV-21,2021,4,11,"November",45,45,0
20211112,12-NOV-21,2021,4,11,"November",45,45,0
20211113,13-NOV-21,2021,4,11,"November",45,45,1
20211114,14-NOV-21,2021,4,11,"November",45,45,1
20211115,15-NOV-21,2021,4,11,"November",46,46,0
20211116,16-NOV-21,2021,4,11,"November",46,46,0
20211117,17-NOV-21,2021,4,11,"November",46,46,0
20211118,18-NOV-21,2021,4,11,"November",46,46,0
20211119,19-NOV-21,2021,4,11,"November",46,46,0
20211120,20-NOV-21,2021,4,11,"November",46,46,1
20211121,21-NOV-21,2021,4,11,"November",46,46,1
20211122,22-NOV-21,2021,4,11,"November",47,47,0
20211123,23-NOV-21,2021,4,11,"November",47,47,0
20211124,24-NOV-21,2021,4,11,"November",47,47,0
20211125,25-NOV-21,2021,4,11,"November",47,47,0
20211126,26-NOV-21,2021,4,11,"November",47,47,0
20211127,27-NOV-21,2021,4,11,"November",47,47,1
20211128,28-NOV-21,2021,4,11,"November",47,47,1
20211129,29-NOV-21,2021,4,11,"November",48,48,0
20211130,30-NOV-21,2021,4,11,"November",48,48,0
20211201,01-DEC-21,2021,4,12,"December",48,48,0
20211202,02-DEC-21,2021,4,12,"December",48,48,0
20211203,03-DEC-21,2021,4,12,"December",48,48,0
20211204,04-DEC-21,2021,4,12,"December",48,48,1
20211205,05-DEC-21,2021,4,12,"December",48,48,1
20211206,06-DEC-21,2021,4,12,"December",49,49,0
20211207,07-DEC-21,2021,4,12,"December",49,49,0
20211208,08-DEC-21,2021,4,12,"December",49,49,0
20211209,09-DEC-21,2021,4,12,"December",49,49,0
20211210,10-DEC-21,2021,4,12,"December",49,49,0
20211211,11-DEC-21,2021,4,12,"December",49,49,1
20211212,12-DEC-21,2021,4,12,"December",49,49,1
20211213,13-DEC-21,2021,4,12,"December",50,50,0
20211214,14-DEC-21,2021,4,12,"December",50,50,0
20211215,15-DEC-21,2021,4,12,"December",50,50,0
20211216,16-DEC-21,2021,4,12,"December",50,50,0
20211217,17-DEC-21,2021,4,12,"December",50,50,0
20211218,18-DEC-21,2021,4,12,"December",50,50,1
20211219,19-DEC-21,2021,4,12,"December",50,50,1
20211220,20-DEC-21,2021,4,12,"December",51,51,0
20211221,21-DEC-21,2021,4,12,"December",51,51,0
20211222,22-DEC-21,2021,4,12,"December",51,51,0
20211223,23-DEC-21,2021,4,12,"December",51,51,0
20211224,24-DEC-21,2021,4,12,"December",51,51,0
20211225,25-DEC-21,2021,4,12,"December",51,51,1
20211226,26-DEC-21,2021,4,12,"December",51,51,1
20211227,27-DEC-21,2021,4,12,"December",52,52,0
20211228,28-DEC-21,2021,4,12,"December",52,52,0
20211229,29-DEC-21,2021,4,12,"December",52,52,0
20211230,30-DEC-21,2021,4,12,"December",52,52,0
20211231,31-DEC-21,2021,4,12,"December",52,52,0
20220101,01-JAN-22,2022,1,1,"January",52,52,1
20220102,02-JAN-22,2022,1,1,"January",52,52,1
20220103,03-JAN-22,2022,1,1,"January",1,1,0
20220104,04-JAN-22,2022,1,1,"January",1,1,0
20220105,05-JAN-22,2022,1,1,"January",1,1,0
20220106,06-JAN-22,2022,1,1,"January",1,1,0
20220107,07-JAN-22,2022,1,1,"January",1,1,0
20220108,08-JAN-22,2022,1,1,"January",1,1,1
20220109,09-JAN-22,2022,1,1,"January",1,1,1
20220110,10-JAN-22,2022,1,1,"January",2,2,0
20220111,11-JAN-22,2022,1,1,"January",2,2,0
20220112,12-JAN-22,2022,1,1,"January",2,2,0
20220113,13-JAN-22,2022,1,1,"January",2,2,0
20220114,14-JAN-22,2022,1,1,"January",2,2,0
20220115,15-JAN-22,2022,1,1,"January",2,2,1
20220116,16-JAN-22,2022,1,1,"January",2,2,1
20220117,17-JAN-22,2022,1,1,"January",3,3,0
20220118,18-JAN-22,2022,1,1,"January",3,3,0
20220119,19-JAN-22,2022,1,1,"January",3,3,0
20220120,20-JAN-22,2022,1,1,"January",3,3,0
20220121,21-JAN-22,2022,1,1,"January",3,3,0
20220122,22-JAN-22,2022,1,1,"January",3,3,1
20220123,23-JAN-22,2022,1,1,"January",3,3,1
20220124,24-JAN-22,2022,1,1,"January",4,4,0
20220125,25-JAN-22,2022,1,1,"January",4,4,0
20220126,26-JAN-22,2022,1,1,"January",4,4,0
20220127,27-JAN-22,2022,1,1,"January",4,4,0
20220128,28-JAN-22,2022,1,1,"January",4,4,0
20220129,29-JAN-22,2022,1,1,"January",4,4,1
20220130,30-JAN-22,2022,1,1,"January",4,4,1
20220131,31-JAN-22,2022,1,1,"January",5,5,0
20220201,01-FEB-22,2022,1,2,"February",5,5,0
20220202,02-FEB-22,2022,1,2,"February",5,5,0
20220203,03-FEB-22,2022,1,2,"February",5,5,0
20220204,04-FEB-22,2022,1,2,"February",5,5,0
20220205,05-FEB-22,2022,1,2,"February",5,5,1
20220206,06-FEB-22,2022,1,2,"February",5,5,1
20220207,07-FEB-22,2022,1,2,"February",6,6,0
20220208,08-FEB-22,2022,1,2,"February",6,6,0
20220209,09-FEB-22,2022,1,2,"February",6,6,0
20220210,10-FEB-22,2022,1,2,"February",6,6,0
20220211,11-FEB-22,2022,1,2,"February",6,6,0
20220212,12-FEB-22,2022,1,2,"February",6,6,1
20220213,13-FEB-22,2022,1,2,"February",6,6,1
20220214,14-FEB-22,2022,1,2,"February",7,7,0
20220215,15-FEB-22,2022,1,2,"February",7,7,0
20220216,16-FEB-22,2022,1,2,"February",7,7,0
20220217,17-FEB-22,2022,1,2,"February",7,7,0
20220218,18-FEB-22,2022,1,2,"February",7,7,0
20220219,19-FEB-22,2022,1,2,"February",7,7,1
20220220,20-FEB-22,2022,1,2,"February",7,7,1
20220221,21-FEB-22,2022,1,2,"February",8,8,0
20220222,22-FEB-22,2022,1,2,"February",8,8,0
20220223,23-FEB-22,2022,1,2,"February",8,8,0
20220224,24-FEB-22,2022,1,2,"February",8,8,0
20220225,25-FEB-22,2022,1,2,"February",8,8,0
20220226,26-FEB-22,2022,1,2,"February",8,8,1
20220227,27-FEB-22,2022,1,2,"February",8,8,1
20220228,28-FEB-22,2022,1,2,"February",9,9,0
20220301,01-MAR-22,2022,1,3,"March",9,9,0
20220302,02-MAR-22,2022,1,3,"March",9,9,0
20220303,03-MAR-22,2022,1,3,"March",9,9,0
20220304,04-MAR-22,2022,1,3,"March",9,9,0
20220305,05-MAR-22,2022,1,3,"March",9,9,1
20220306,06-MAR-22,2022,1,3,"March",9,9,1
20220307,07-MAR-22,2022,1,3,"March",10,10,0
20220308,08-MAR-22,2022,1,3,"March",10,10,0
20220309,09-MAR-22,2022,1,3,"March",10,10,0
20220310,10-MAR-22,2022,1,3,"March",10,10,0
20220311,11-MAR-22,2022,1,3,"March",10,10,0
20220312,12-MAR-22,2022,1,3,"March",10,10,1
20220313,13-MAR-22,2022,1,3,"March",10,10,1
20220314,14-MAR-22,2022,1,3,"March",11,11,0
20220315,15-MAR-22,2022,1,3,"March",11,11,0
20220316,16-MAR-22,2022,1,3,"March",11,11,0
20220317,17-MAR-22,2022,1,3,"March",11,11,0
20220318,18-MAR-22,2022,1,3,"March",11,11,0
20220319,19-MAR-22,2022,1,3,"March",11,11,1
20220320,20-MAR-22,2022,1,3,"March",11,11,1
20220321,21-MAR-22,2022,1,3,"March",12,12,0
20220322,22-MAR-22,2022,1,3,"March",12,12,0
20220323,23-MAR-22,2022,1,3,"March",12,12,0
20220324,24-MAR-22,2022,1,3,"March",12,12,0
20220325,25-MAR-22,2022,1,3,"March",12,12,0
20220326,26-MAR-22,2022,1,3,"March",12,12,1
20220327,27-MAR-22,2022,1,3,"March",12,12,1
20220328,28-MAR-22,2022,1,3,"March",13,13,0
20220329,29-MAR-22,2022,1,3,"March",13,13,0
20220330,30-MAR-22,2022,1,3,"March",13,13,0
20220331,31-MAR-22,2022,1,3,"March",13,13,0
20220401,01-APR-22,2022,2,4,"April",13,13,0
20220402,02-APR-22,2022,2,4,"April",13,13,1
20220403,03-APR-22,2022,2,4,"April",13,13,1
20220404,04-APR-22,2022,2,4,"April",14,14,0
20220405,05-APR-22,2022,2,4,"April",14,14,0
20220406,06-APR-22,2022,2,4,"April",14,14,0
20220407,07-APR-22,2022,2,4,"April",14,14,0
20220408,08-APR-22,2022,2,4,"April",14,14,0
20220409,09-APR-22,2022,2,4,"April",14,14,1
20220410,10-APR-22,2022,2,4,"April",14,14,1
20220411,11-APR-22,2022,2,4,"April",15,15,0
20220412,12-APR-22,2022,2,4,"April",15,15,0
20220413,13-APR-22,2022,2,4,"April",15,15,0
20220414,14-APR-22,2022,2,4,"April",15,15,0
20220415,15-APR-22,2022,2,4,"April",15,15,0
20220416,16-APR-22,2022,2,4,"April",15,15,1
20220417,17-APR-22,2022,2,4,"April",15,15,1
20220418,18-APR-22,2022,2,4,"April",16,16,0
20220419,19-APR-22,2022,2,4,"April",16,16,0
20220420,20-APR-22,2022,2,4,"April",16,16,0
20220421,21-APR-22,2022,2,4,"April",16,16,0
20220422,22-APR-22,2022,2,4,"April",16,16,0
20220423,23-APR-22,2022,2,4,"April",16,16,1
20220424,24-APR-22,2022,2,4,"April",16,16,1
20220425,25-APR-22,2022,2,4,"April",17,17,0
20220426,26-APR-22,2022,2,4,"April",17,17,0
20220427,27-APR-22,2022,2,4,"April",17,17,0
20220428,28-APR-22,2022,2,4,"April",17,17,0
20220429,29-APR-22,2022,2,4,"April",17,17,0
20220430,30-APR-22,2022,2,4,"April",17,17,1
20220501,01-MAY-22,2022,2,5,"May",17,17,1
20220502,02-MAY-22,2022,2,5,"May",18,18,0
20220503,03-MAY-22,2022,2,5,"May",18,18,0
20220504,04-MAY-22,2022,2,5,"May",18,18,0
20220505,05-MAY-22,2022,2,5,"May",18,18,0
20220506,06-MAY-22,2022,2,5,"May",18,18,0
20220507,07-MAY-22,2022,2,5,"May",18,18,1
20220508,08-MAY-22,2022,2,5,"May",18,18,1
20220509,09-MAY-22,2022,2,5,"May",19,19,0
20220510,10-MAY-22,2022,2,5,"May",19,19,0
20220511,11-MAY-22,2022,2,5,"May",19,19,0
20220512,12-MAY-22,2022,2,5,"May",19,19,0
20220513,13-MAY-22,2022,2,5,"May",19,19,0
20220514,14-MAY-22,2022,2,5,"May",19,19,1
20220515,15-MAY-22,2022,2,5,"May",19,19,1
20220516,16-MAY-22,2022,2,5,"May",20,20,0
20220517,17-MAY-22,2022,2,5,"May",20,20,0
20220518,18-MAY-22,2022,2,5,"May",20,20,0
20220519,19-MAY-22,2022,2,5,"May",20,20,0
20220520,20-MAY-22,2022,2,5,"May",20,20,0
20220521,21-MAY-22,2022,2,5,"May",20,20,1
20220522,22-MAY-22,2022,2,5,"May",20,20,1
20220523,23-MAY-22,2022,2,5,"May",21,21,0
20220524,24-MAY-22,2022,2,5,"May",21,21,0
20220525,25-MAY-22,2022,2,5,"May",21,21,0
20220526,26-MAY-22,2022,2,5,"May",21,21,0
20220527,27-MAY-22,2022,2,5,"May",21,21,0
20220528,28-MAY-22,2022,2,5,"May",21,21,1
20220529,29-MAY-22,2022,2,5,"May",21,21,1
20220530,30-MAY-22,2022,2,5,"May",22,22,0
20220531,31-MAY-22,2022,2,5,"May",22,22,0
20220601,01-JUN-22,2022,2,6,"June",22,22,0
20220602,02-JUN-22,2022,2,6,"June",22,22,0
20220603,03-JUN-22,2022,2,6,"June",22,22,0
20220604,04-JUN-22,2022,2,6,"June",22,22,1
20220605,05-JUN-22,2022,2,6,"June",22,22,1
20220606,06-JUN-22,2022,2,6,"June",23,23,0
20220607,07-JUN-22,2022,2,6,"June",23,23,0
20220608,08-JUN-22,2022,2,6,"June",23,23,0
20220609,09-JUN-22,2022,2,6,"June",23,23,0
20220610,10-JUN-22,2022,2,6,"June",23,23,0
20220611,11-JUN-22,2022,2,6,"June",23,23,1
20220612,12-JUN-22,2022,2,6,"June",23,23,1
20220613,13-JUN-22,2022,2,6,"June",24,24,0
20220614,14-JUN-22,2022,2,6,"June",24,24,0
20220615,15-JUN-22,2022,2,6,"June",24,24,0
20220616,16-JUN-22,2022,2,6,"June",24,24,0
20220617,17-JUN-22,2022,2,6,"June",24,24,0
20220618,18-JUN-22,2022,2,6,"June",24,24,1
20220619,19-JUN-22,2022,2,6,"June",24,24,1
20220620,20-JUN-22,2022,2,6,"June",25,25,0
20220621,21-JUN-22,2022,2,6,"June",25,25,0
20220622,22-JUN-22,2022,2,6,"June",25,25,0
20220623,23-JUN-22,2022,2,6,"June",25,25,0
20220624,24-JUN-22,2022,2,6,"June",25,25,0
20220625,25-JUN-22,2022,2,6,"June",25,25,1
20220626,26-JUN-22,2022,2,6,"June",25,25,1
20220627,27-JUN-22,2022,2,6,"June",26,26,0
20220628,28-JUN-22,2022,2,6,"June",26,26,0
20220629,29-JUN-22,2022,2,6,"June",26,26,0
20220630,30-JUN-22,2022,2,6,"June",26,26,0
20220701,01-JUL-22,2022,3,7,"July",26,26,0
20220702,02-JUL-22,2022,3,7,"July",26,26,1
20220703,03-JUL-22,2022,3,7,"July",26,26,1
20220704,04-JUL-22,2022,3,7,"July",27,27,0
20220705,05-JUL-22,2022,3,7,"July",27,27,0
20220706,06-JUL-22,2022,3,7,"July",27,27,0
20220707,07-JUL-22,2022,3,7,"July",27,27,0
20220708,08-JUL-22,2022,3,7,"July",27,27,0
20220709,09-JUL-22,2022,3,7,"July",27,27,1
20220710,10-JUL-22,2022,3,7,"July",27,27,1
20220711,11-JUL-22,2022,3,7,"July",28,28,0
20220712,12-JUL-22,2022,3,7,"July",28,28,0
20220713,13-JUL-22,2022,3,7,"July",28,28,0
20220714,14-JUL-22,2022,3,7,"July",28,28,0
20220715,15-JUL-22,2022,3,7,"July",28,28,0
20220716,16-JUL-22,2022,3,7,"July",28,28,1
20220717,17-JUL-22,2022,3,7,"July",28,28,1
20220718,18-JUL-22,2022,3,7,"July",29,29,0
20220719,19-JUL-22,2022,3,7,"July",29,29,0
20220720,20-JUL-22,2022,3,7,"July",29,29,0
20220721,21-JUL-22,2022,3,7,"July",29,29,0
20220722,22-JUL-22,2022,3,7,"July",29,29,0
20220723,23-JUL-22,2022,3,7,"July",29,29,1
20220724,24-JUL-22,2022,3,7,"July",29,29,1
20220725,25-JUL-22,2022,3,7,"July",30,30,0
20220726,26-JUL-22,2022,3,7,"July",30,30,0
20220727,27-JUL-22,2022,3,7,"July",30,30,0
20220728,28-JUL-22,2022,3,7,"July",30,30,0
20220729,29-JUL-22,2022,3,7,"July",30,30,0
20220730,30-JUL-22,2022,3,7,"July",30,30,1
20220731,31-JUL-22,2022,3,7,"July",30,30,1
20220801,01-AUG-22,2022,3,8,"August",31,31,0
20220802,02-AUG-22,2022,3,8,"August",31,31,0
20220803,03-AUG-22,2022,3,8,"August",31,31,0
20220804,04-AUG-22,2022,3,8,"August",31,31,0
20220805,05-AUG-22,2022,3,8,"August",31,31,0
20220806,06-AUG-22,2022,3,8,"August",31,31,1
20220807,07-AUG-22,2022,3,8,"August",31,31,1
20220808,08-AUG-22,2022,3,8,"August",32,32,0
20220809,09-AUG-22,2022,3,8,"August",32,32,0
20220810,10-AUG-22,2022,3,8,"August",32,32,0
20220811,11-AUG-22,2022,3,8,"August",32,32,0
20220812,12-AUG-22,2022,3,8,"August",32,32,0
20220813,13-AUG-22,2022,3,8,"August",32,32,1
20220814,14-AUG-22,2022,3,8,"August",32,32,1
20220815,15-AUG-22,2022,3,8,"August",33,33,0
20220816,16-AUG-22,2022,3,8,"August",33,33,0
20220817,17-AUG-22,2022,3,8,"August",33,33,0
20220818,18-AUG-22,2022,3,8,"August",33,33,0
20220819,19-AUG-22,2022,3,8,"August",33,33,0
20220820,20-AUG-22,2022,3,8,"August",33,33,1
20220821,21-AUG-22,2022,3,8,"August",33,33,1
20220822,22-AUG-22,2022,3,8,"August",34,34,0
20220823,23-AUG-22,2022,3,8,"August",34,34,0
20220824,24-AUG-22,2022,3,8,"August",34,34,0
20220825,25-AUG-22,2022,3,8,"August",34,34,0
20220826,26-AUG-22,2022,3,8,"August",34,34,0
20220827,27-AUG-22,2022,3,8,"August",34,34,1
20220828,28-AUG-22,2022,3,8,"August",34,34,1
20220829,29-AUG-22,2022,3,8,"August",35,35,0
20220830,30-AUG-22,2022,3,8,"August",35,35,0
20220831,31-AUG-22,2022,3,8,"August",35,35,0
20220901,01-SEP-22,2022,3,9,"September",35,35,0
20220902,02-SEP-22,2022,3,9,"September",35,35,0
20220903,03-SEP-22,2022,3,9,"September",35,35,1
20220904,04-SEP-22,2022,3,9,"September",35,35,1
20220905,05-SEP-22,2022,3,9,"September",36,36,0
20220906,06-SEP-22,2022,3,9,"September",36,36,0
20220907,07-SEP-22,2022,3,9,"September",36,36,0
20220908,08-SEP-22,2022,3,9,"September",36,36,0
20220909,09-SEP-22,2022,3,9,"September",36,36,0
20220910,10-SEP-22,2022,3,9,"September",36,36,1
20220911,11-SEP-22,2022,3,9,"September",36,36,1
20220912,12-SEP-22,2022,3,9,"September",37,37,0
20220913,13-SEP-22,2022,3,9,"September",37,37,0
20220914,14-SEP-22,2022,3,9,"September",37,37,0
20220915,15-SEP-22,2022,3,9,"September",37,37,0
20220916,16-SEP-22,2022,3,9,"September",37,37,0
20220917,17-SEP-22,2022,3,9,"September",37,37,1
20220918,18-SEP-22,2022,3,9,"September",37,37,1
20220919,19-SEP-22,2022,3,9,"September",38,38,0
20220920,20-SEP-22,2022,3,9,"September",38,38,0
20220921,21-SEP-22,2022,3,9,"September",38,38,0
20220922,22-SEP-22,2022,3,9,"September",38,38,0
20220923,23-SEP-22,2022,3,9,"September",38,38,0
20220924,24-SEP-22,2022,3,9,"September",38,38,1
20220925,25-SEP-22,2022,3,9,"September",38,38,1
20220926,26-SEP-22,2022,3,9,"September",39,39,0
20220927,27-SEP-22,2022,3,9,"September",39,39,0
20220928,28-SEP-22,2022,3,9,"September",39,39,0
20220929,29-SEP-22,2022,3,9,"September",39,39,0
20220930,30-SEP-22,2022,3,9,"September",39,39,0
20221001,01-OCT-22,2022,4,10,"October",39,39,1
20221002,02-OCT-22,2022,4,10,"October",39,39,1
20221003,03-OCT-22,2022,4,10,"October",40,40,0
20221004,04-OCT-22,2022,4,10,"October",40,40,0
20221005,05-OCT-22,2022,4,10,"October",40,40,0
20221006,06-OCT-22,2022,4,10,"October",40,40,0
20221007,07-OCT-22,2022,4,10,"October",40,40,0
20221008,08-OCT-22,2022,4,10,"October",40,40,1
20221009,09-OCT-22,2022,4,10,"October",40,40,1
20221010,10-OCT-22,2022,4,10,"October",41,41,0
20221011,11-OCT-22,2022,4,10,"October",41,41,0
20221012,12-OCT-22,2022,4,10,"October",41,41,0
20221013,13-OCT-22,2022,4,10,"October",41,41,0
20221014,14-OCT-22,2022,4,10,"October",41,41,0
20221015,15-OCT-22,2022,4,10,"October",41,41,1
20221016,16-OCT-22,2022,4,10,"October",41,41,1
20221017,17-OCT-22,2022,4,10,"October",42,42,0
20221018,18-OCT-22,2022,4,10,"October",42,42,0
20221019,19-OCT-22,2022,4,10,"October",42,42,0
20221020,20-OCT-22,2022,4,10,"October",42,42,0
20221021,21-OCT-22,2022,4,10,"October",42,42,0
20221022,22-OCT-22,2022,4,10,"October",42,42,1
20221023,23-OCT-22,2022,4,10,"October",42,42,1
20221024,24-OCT-22,2022,4,10,"October",43,43,0
20221025,25-OCT-22,2022,4,10,"October",43,43,0
20221026,26-OCT-22,2022,4,10,"October",43,43,0
20221027,27-OCT-22,2022,4,10,"October",43,43,0
20221028,28-OCT-22,2022,4,10,"October",43,43,0
20221029,29-OCT-22,2022,4,10,"October",43,43,1
20221030,30-OCT-22,2022,4,10,"October",43,43,1
20221031,31-OCT-22,2022,4,10,"October",44,44,0
20221101,01-NOV-22,2022,4,11,"November",44,44,0
20221102,02-NOV-22,2022,4,11,"November",44,44,0
20221103,03-NOV-22,2022,4,11,"November",44,44,0
20221104,04-NOV-22,2022,4,11,"November",44,44,0
20221105,05-NOV-22,2022,4,11,"November",44,44,1
20221106,06-NOV-22,2022,4,11,"November",44,44,1
20221107,07-NOV-22,2022,4,11,"November",45,45,0
20221108,08-NOV-22,2022,4,11,"November",45,45,0
20221109,09-NOV-22,2022,4,11,"November",45,45,0
20221110,10-NOV-22,2022,4,11,"November",45,45,0
20221111,11-NOV-22,2022,4,11,"November",45,45,0
20221112,12-NOV-22,2022,4,11,"November",45,45,1
20221113,13-NOV-22,2022,4,11,"November",45,45,1
20221114,14-NOV-22,2022,4,11,"November",46,46,0
20221115,15-NOV-22,2022,4,11,"November",46,46,0
20221116,16-NOV-22,2022,4,11,"November",46,46,0
20221117,17-NOV-22,2022,4,11,"November",46,46,0
20221118,18-NOV-22,2022,4,11,"November",46,46,0
20221119,19-NOV-22,2022,4,11,"November",46,46,1
20221120,20-NOV-22,2022,4,11,"November",46,46,1
20221121,21-NOV-22,2022,4,11,"November",47,47,0
20221122,22-NOV-22,2022,4,11,"November",47,47,0
20221123,23-NOV-22,2022,4,11,"November",47,47,0
20221124,24-NOV-22,2022,4,11,"November",47,47,0
20221125,25-NOV-22,2022,4,11,"November",47,47,0
20221126,26-NOV-22,2022,4,11,"November",47,47,1
20221127,27-NOV-22,2022,4,11,"November",47,47,1
20221128,28-NOV-22,2022,4,11,"November",48,48,0
20221129,29-NOV-22,2022,4,11,"November",48,48,0
20221130,30-NOV-22,2022,4,11,"November",48,48,0
20221201,01-DEC-22,2022,4,12,"December",48,48,0
20221202,02-DEC-22,2022,4,12,"December",48,48,0
20221203,03-DEC-22,2022,4,12,"December",48,48,1
20221204,04-DEC-22,2022,4,12,"December",48,48,1
20221205,05-DEC-22,2022,4,12,"December",49,49,0
20221206,06-DEC-22,2022,4,12,"December",49,49,0
20221207,07-DEC-22,2022,4,12,"December",49,49,0
20221208,08-DEC-22,2022,4,12,"December",49,49,0
20221209,09-DEC-22,2022,4,12,"December",49,49,0
20221210,10-DEC-22,2022,4,12,"December",49,49,1
20221211,11-DEC-22,2022,4,12,"December",49,49,1
20221212,12-DEC-22,2022,4,12,"December",50,50,0
20221213,13-DEC-22,2022,4,12,"December",50,50,0
20221214,14-DEC-22,2022,4,12,"December",50,50,0
20221215,15-DEC-22,2022,4,12,"December",50,50,0
20221216,16-DEC-22,2022,4,12,"December",50,50,0
20221217,17-DEC-22,2022,4,12,"December",50,50,1
20221218,18-DEC-22,2022,4,12,"December",50,50,1
20221219,19-DEC-22,2022,4,12,"December",51,51,0
20221220,20-DEC-22,2022,4,12,"December",51,51,0
20221221,21-DEC-22,2022,4,12,"December",51,51,0
20221222,22-DEC-22,2022,4,12,"December",51,51,0
20221223,23-DEC-22,2022,4,12,"December",51,51,0
20221224,24-DEC-22,2022,4,12,"December",51,51,1
20221225,25-DEC-22,2022,4,12,"December",51,51,1
20221226,26-DEC-22,2022,4,12,"December",52,52,0
20221227,27-DEC-22,2022,4,12,"December",52,52,0
20221228,28-DEC-22,2022,4,12,"December",52,52,0
20221229,29-DEC-22,2022,4,12,"December",52,52,0
20221230,30-DEC-22,2022,4,12,"December",52,52,0
20221231,31-DEC-22,2022,4,12,"December",52,52,1
20230101,01-JAN-23,2023,1,1,"January",52,52,1
20230102,02-JAN-23,2023,1,1,"January",1,1,0
20230103,03-JAN-23,2023,1,1,"January",1,1,0
20230104,04-JAN-23,2023,1,1,"January",1,1,0
20230105,05-JAN-23,2023,1,1,"January",1,1,0
20230106,06-JAN-23,2023,1,1,"January",1,1,0
20230107,07-JAN-23,2023,1,1,"January",1,1,1
20230108,08-JAN-23,2023,1,1,"January",1,1,1
20230109,09-JAN-23,2023,1,1,"January",2,2,0
20230110,10-JAN-23,2023,1,1,"January",2,2,0
20230111,11-JAN-23,2023,1,1,"January",2,2,0
20230112,12-JAN-23,2023,1,1,"January",2,2,0
20230113,13-JAN-23,2023,1,1,"January",2,2,0
20230114,14-JAN-23,2023,1,1,"January",2,2,1
20230115,15-JAN-23,2023,1,1,"January",2,2,1
20230116,16-JAN-23,2023,1,1,"January",3,3,0
20230117,17-JAN-23,2023,1,1,"January",3,3,0
20230118,18-JAN-23,2023,1,1,"January",3,3,0
20230119,19-JAN-23,2023,1,1,"January",3,3,0
20230120,20-JAN-23,2023,1,1,"January",3,3,0
20230121,21-JAN-23,2023,1,1,"January",3,3,1
20230122,22-JAN-23,2023,1,1,"January",3,3,1
20230123,23-JAN-23,2023,1,1,"January",4,4,0
20230124,24-JAN-23,2023,1,1,"January",4,4,0
20230125,25-JAN-23,2023,1,1,"January",4,4,0
20230126,26-JAN-23,2023,1,1,"January",4,4,0
20230127,27-JAN-23,2023,1,1,"January",4,4,0
20230128,28-JAN-23,2023,1,1,"January",4,4,1
20230129,29-JAN-23,2023,1,1,"January",4,4,1
20230130,30-JAN-23,2023,1,1,"January",5,5,0
20230131,31-JAN-23,2023,1,1,"January",5,5,0
20230201,01-FEB-23,2023,1,2,"February",5,5,0
20230202,02-FEB-23,2023,1,2,"February",5,5,0
20230203,03-FEB-23,2023,1,2,"February",5,5,0
20230204,04-FEB-23,2023,1,2,"February",5,5,1
20230205,05-FEB-23,2023,1,2,"February",5,5,1
20230206,06-FEB-23,2023,1,2,"February",6,6,0
20230207,07-FEB-23,2023,1,2,"February",6,6,0
20230208,08-FEB-23,2023,1,2,"February",6,6,0
20230209,09-FEB-23,2023,1,2,"February",6,6,0
20230210,10-FEB-23,2023,1,2,"February",6,6,0
20230211,11-FEB-23,2023,1,2,"February",6,6,1
20230212,12-FEB-23,2023,1,2,"February",6,6,1
20230213,13-FEB-23,2023,1,2,"February",7,7,0
20230214,14-FEB-23,2023,1,2,"February",7,7,0
20230215,15-FEB-23,2023,1,2,"February",7,7,0
20230216,16-FEB-23,2023,1,2,"February",7,7,0
20230217,17-FEB-23,2023,1,2,"February",7,7,0
20230218,18-FEB-23,2023,1,2,"February",7,7,1
20230219,19-FEB-23,2023,1,2,"February",7,7,1
20230220,20-FEB-23,2023,1,2,"February",8,8,0
20230221,21-FEB-23,2023,1,2,"February",8,8,0
20230222,22-FEB-23,2023,1,2,"February",8,8,0
20230223,23-FEB-23,2023,1,2,"February",8,8,0
20230224,24-FEB-23,2023,1,2,"February",8,8,0
20230225,25-FEB-23,2023,1,2,"February",8,8,1
20230226,26-FEB-23,2023,1,2,"February",8,8,1
20230227,27-FEB-23,2023,1,2,"February",9,9,0
20230228,28-FEB-23,2023,1,2,"February",9,9,0
20230301,01-MAR-23,2023,1,3,"March",9,9,0
20230302,02-MAR-23,2023,1,3,"March",9,9,0
20230303,03-MAR-23,2023,1,3,"March",9,9,0
20230304,04-MAR-23,2023,1,3,"March",9,9,1
20230305,05-MAR-23,2023,1,3,"March",9,9,1
20230306,06-MAR-23,2023,1,3,"March",10,10,0
20230307,07-MAR-23,2023,1,3,"March",10,10,0
20230308,08-MAR-23,2023,1,3,"March",10,10,0
20230309,09-MAR-23,2023,1,3,"March",10,10,0
20230310,10-MAR-23,2023,1,3,"March",10,10,0
20230311,11-MAR-23,2023,1,3,"March",10,10,1
20230312,12-MAR-23,2023,1,3,"March",10,10,1
20230313,13-MAR-23,2023,1,3,"March",11,11,0
20230314,14-MAR-23,2023,1,3,"March",11,11,0
20230315,15-MAR-23,2023,1,3,"March",11,11,0
20230316,16-MAR-23,2023,1,3,"March",11,11,0
20230317,17-MAR-23,2023,1,3,"March",11,11,0
20230318,18-MAR-23,2023,1,3,"March",11,11,1
20230319,19-MAR-23,2023,1,3,"March",11,11,1
20230320,20-MAR-23,2023,1,3,"March",12,12,0
20230321,21-MAR-23,2023,1,3,"March",12,12,0
20230322,22-MAR-23,2023,1,3,"March",12,12,0
20230323,23-MAR-23,2023,1,3,"March",12,12,0
20230324,24-MAR-23,2023,1,3,"March",12,12,0
20230325,25-MAR-23,2023,1,3,"March",12,12,1
20230326,26-MAR-23,2023,1,3,"March",12,12,1
20230327,27-MAR-23,2023,1,3,"March",13,13,0
20230328,28-MAR-23,2023,1,3,"March",13,13,0
20230329,29-MAR-23,2023,1,3,"March",13,13,0
20230330,30-MAR-23,2023,1,3,"March",13,13,0
20230331,31-MAR-23,2023,1,3,"March",13,13,0
20230401,01-APR-23,2023,2,4,"April",13,13,1
20230402,02-APR-23,2023,2,4,"April",13,13,1
20230403,03-APR-23,2023,2,4,"April",14,14,0
20230404,04-APR-23,2023,2,4,"April",14,14,0
20230405,05-APR-23,2023,2,4,"April",14,14,0
20230406,06-APR-23,2023,2,4,"April",14,14,0
20230407,07-APR-23,2023,2,4,"April",14,14,0
20230408,08-APR-23,2023,2,4,"April",14,14,1
20230409,09-APR-23,2023,2,4,"April",14,14,1
20230410,10-APR-23,2023,2,4,"April",15,15,0
20230411,11-APR-23,2023,2,4,"April",15,15,0
20230412,12-APR-23,2023,2,4,"April",15,15,0
20230413,13-APR-23,2023,2,4,"April",15,15,0
20230414,14-APR-23,2023,2,4,"April",15,15,0
20230415,15-APR-23,2023,2,4,"April",15,15,1
20230416,16-APR-23,2023,2,4,"April",15,15,1
20230417,17-APR-23,2023,2,4,"April",16,16,0
20230418,18-APR-23,2023,2,4,"April",16,16,0
20230419,19-APR-23,2023,2,4,"April",16,16,0
20230420,20-APR-23,2023,2,4,"April",16,16,0
20230421,21-APR-23,2023,2,4,"April",16,16,0
20230422,22-APR-23,2023,2,4,"April",16,16,1
20230423,23-APR-23,2023,2,4,"April",16,16,1
20230424,24-APR-23,2023,2,4,"April",17,17,0
20230425,25-APR-23,2023,2,4,"April",17,17,0
20230426,26-APR-23,2023,2,4,"April",17,17,0
20230427,27-APR-23,2023,2,4,"April",17,17,0
20230428,28-APR-23,2023,2,4,"April",17,17,0
20230429,29-APR-23,2023,2,4,"April",17,17,1
20230430,30-APR-23,2023,2,4,"April",17,17,1
20230501,01-MAY-23,2023,2,5,"May",18,18,0
20230502,02-MAY-23,2023,2,5,"May",18,18,0
20230503,03-MAY-23,2023,2,5,"May",18,18,0
20230504,04-MAY-23,2023,2,5,"May",18,18,0
20230505,05-MAY-23,2023,2,5,"May",18,18,0
20230506,06-MAY-23,2023,2,5,"May",18,18,1
20230507,07-MAY-23,2023,2,5,"May",18,18,1
20230508,08-MAY-23,2023,2,5,"May",19,19,0
20230509,09-MAY-23,2023,2,5,"May",19,19,0
20230510,10-MAY-23,2023,2,5,"May",19,19,0
20230511,11-MAY-23,2023,2,5,"May",19,19,0
20230512,12-MAY-23,2023,2,5,"May",19,19,0
20230513,13-MAY-23,2023,2,5,"May",19,19,1
20230514,14-MAY-23,2023,2,5,"May",19,19,1
20230515,15-MAY-23,2023,2,5,"May",20,20,0
20230516,16-MAY-23,2023,2,5,"May",20,20,0
20230517,17-MAY-23,2023,2,5,"May",20,20,0
20230518,18-MAY-23,2023,2,5,"May",20,20,0
20230519,19-MAY-23,2023,2,5,"May",20,20,0
20230520,20-MAY-23,2023,2,5,"May",20,20,1
20230521,21-MAY-23,2023,2,5,"May",20,20,1
20230522,22-MAY-23,2023,2,5,"May",21,21,0
20230523,23-MAY-23,2023,2,5,"May",21,21,0
20230524,24-MAY-23,2023,2,5,"May",21,21,0
20230525,25-MAY-23,2023,2,5,"May",21,21,0
20230526,26-MAY-23,2023,2,5,"May",21,21,0
20230527,27-MAY-23,2023,2,5,"May",21,21,1
20230528,28-MAY-23,2023,2,5,"May",21,21,1
20230529,29-MAY-23,2023,2,5,"May",22,22,0
20230530,30-MAY-23,2023,2,5,"May",22,22,0
20230531,31-MAY-23,2023,2,5,"May",22,22,0
20230601,01-JUN-23,2023,2,6,"June",22,22,0
20230602,02-JUN-23,2023,2,6,"June",22,22,0
20230603,03-JUN-23,2023,2,6,"June",22,22,1
20230604,04-JUN-23,2023,2,6,"June",22,22,1
20230605,05-JUN-23,2023,2,6,"June",23,23,0
20230606,06-JUN-23,2023,2,6,"June",23,23,0
20230607,07-JUN-23,2023,2,6,"June",23,23,0
20230608,08-JUN-23,2023,2,6,"June",23,23,0
20230609,09-JUN-23,2023,2,6,"June",23,23,0
20230610,10-JUN-23,2023,2,6,"June",23,23,1
20230611,11-JUN-23,2023,2,6,"June",23,23,1
20230612,12-JUN-23,2023,2,6,"June",24,24,0
20230613,13-JUN-23,2023,2,6,"June",24,24,0
20230614,14-JUN-23,2023,2,6,"June",24,24,0
20230615,15-JUN-23,2023,2,6,"June",24,24,0
20230616,16-JUN-23,2023,2,6,"June",24,24,0
20230617,17-JUN-23,2023,2,6,"June",24,24,1
20230618,18-JUN-23,2023,2,6,"June",24,24,1
20230619,19-JUN-23,2023,2,6,"June",25,25,0
20230620,20-JUN-23,2023,2,6,"June",25,25,0
20230621,21-JUN-23,2023,2,6,"June",25,25,0
20230622,22-JUN-23,2023,2,6,"June",25,25,0
20230623,23-JUN-23,2023,2,6,"June",25,25,0
20230624,24-JUN-23,2023,2,6,"June",25,25,1
20230625,25-JUN-23,2023,2,6,"June",25,25,1
20230626,26-JUN-23,2023,2,6,"June",26,26,0
20230627,27-JUN-23,2023,2,6,"June",26,26,0
20230628,28-JUN-23,2023,2,6,"June",26,26,0
20230629,29-JUN-23,2023,2,6,"June",26,26,0
20230630,30-JUN-23,2023,2,6,"June",26,26,0
20230701,01-JUL-23,2023,3,7,"July",26,26,1
20230702,02-JUL-23,2023,3,7,"July",26,26,1
20230703,03-JUL-23,2023,3,7,"July",27,27,0
20230704,04-JUL-23,2023,3,7,"July",27,27,0
20230705,05-JUL-23,2023,3,7,"July",27,27,0
20230706,06-JUL-23,2023,3,7,"July",27,27,0
20230707,07-JUL-23,2023,3,7,"July",27,27,0
20230708,08-JUL-23,2023,3,7,"July",27,27,1
20230709,09-JUL-23,2023,3,7,"July",27,27,1
20230710,10-JUL-23,2023,3,7,"July",28,28,0
20230711,11-JUL-23,2023,3,7,"July",28,28,0
20230712,12-JUL-23,2023,3,7,"July",28,28,0
20230713,13-JUL-23,2023,3,7,"July",28,28,0
20230714,14-JUL-23,2023,3,7,"July",28,28,0
20230715,15-JUL-23,2023,3,7,"July",28,28,1
20230716,16-JUL-23,2023,3,7,"July",28,28,1
20230717,17-JUL-23,2023,3,7,"July",29,29,0
20230718,18-JUL-23,2023,3,7,"July",29,29,0
20230719,19-JUL-23,2023,3,7,"July",29,29,0
20230720,20-JUL-23,2023,3,7,"July",29,29,0
20230721,21-JUL-23,2023,3,7,"July",29,29,0
20230722,22-JUL-23,2023,3,7,"July",29,29,1
20230723,23-JUL-23,2023,3,7,"July",29,29,1
20230724,24-JUL-23,2023,3,7,"July",30,30,0
20230725,25-JUL-23,2023,3,7,"July",30,30,0
20230726,26-JUL-23,2023,3,7,"July",30,30,0
20230727,27-JUL-23,2023,3,7,"July",30,30,0
20230728,28-JUL-23,2023,3,7,"July",30,30,0
20230729,29-JUL-23,2023,3,7,"July",30,30,1
20230730,30-JUL-23,2023,3,7,"July",30,30,1
20230731,31-JUL-23,2023,3,7,"July",31,31,0
20230801,01-AUG-23,2023,3,8,"August",31,31,0
20230802,02-AUG-23,2023,3,8,"August",31,31,0
20230803,03-AUG-23,2023,3,8,"August",31,31,0
20230804,04-AUG-23,2023,3,8,"August",31,31,0
20230805,05-AUG-23,2023,3,8,"August",31,31,1
20230806,06-AUG-23,2023,3,8,"August",31,31,1
20230807,07-AUG-23,2023,3,8,"August",32,32,0
20230808,08-AUG-23,2023,3,8,"August",32,32,0
20230809,09-AUG-23,2023,3,8,"August",32,32,0
20230810,10-AUG-23,2023,3,8,"August",32,32,0
20230811,11-AUG-23,2023,3,8,"August",32,32,0
20230812,12-AUG-23,2023,3,8,"August",32,32,1
20230813,13-AUG-23,2023,3,8,"August",32,32,1
20230814,14-AUG-23,2023,3,8,"August",33,33,0
20230815,15-AUG-23,2023,3,8,"August",33,33,0
20230816,16-AUG-23,2023,3,8,"August",33,33,0
20230817,17-AUG-23,2023,3,8,"August",33,33,0
20230818,18-AUG-23,2023,3,8,"August",33,33,0
20230819,19-AUG-23,2023,3,8,"August",33,33,1
20230820,20-AUG-23,2023,3,8,"August",33,33,1
20230821,21-AUG-23,2023,3,8,"August",34,34,0
20230822,22-AUG-23,2023,3,8,"August",34,34,0
20230823,23-AUG-23,2023,3,8,"August",34,34,0
20230824,24-AUG-23,2023,3,8,"August",34,34,0
20230825,25-AUG-23,2023,3,8,"August",34,34,0
20230826,26-AUG-23,2023,3,8,"August",34,34,1
20230827,27-AUG-23,2023,3,8,"August",34,34,1
20230828,28-AUG-23,2023,3,8,"August",35,35,0
20230829,29-AUG-23,2023,3,8,"August",35,35,0
20230830,30-AUG-23,2023,3,8,"August",35,35,0
20230831,31-AUG-23,2023,3,8,"August",35,35,0
20230901,01-SEP-23,2023,3,9,"September",35,35,0
20230902,02-SEP-23,2023,3,9,"September",35,35,1
20230903,03-SEP-23,2023,3,9,"September",35,35,1
20230904,04-SEP-23,2023,3,9,"September",36,36,0
20230905,05-SEP-23,2023,3,9,"September",36,36,0
20230906,06-SEP-23,2023,3,9,"September",36,36,0
20230907,07-SEP-23,2023,3,9,"September",36,36,0
20230908,08-SEP-23,2023,3,9,"September",36,36,0
20230909,09-SEP-23,2023,3,9,"September",36,36,1
20230910,10-SEP-23,2023,3,9,"September",36,36,1
20230911,11-SEP-23,2023,3,9,"September",37,37,0
20230912,12-SEP-23,2023,3,9,"September",37,37,0
20230913,13-SEP-23,2023,3,9,"September",37,37,0
20230914,14-SEP-23,2023,3,9,"September",37,37,0
20230915,15-SEP-23,2023,3,9,"September",37,37,0
20230916,16-SEP-23,2023,3,9,"September",37,37,1
20230917,17-SEP-23,2023,3,9,"September",37,37,1
20230918,18-SEP-23,2023,3,9,"September",38,38,0
20230919,19-SEP-23,2023,3,9,"September",38,38,0
20230920,20-SEP-23,2023,3,9,"September",38,38,0
20230921,21-SEP-23,2023,3,9,"September",38,38,0
20230922,22-SEP-23,2023,3,9,"September",38,38,0
20230923,23-SEP-23,2023,3,9,"September",38,38,1
20230924,24-SEP-23,2023,3,9,"September",38,38,1
20230925,25-SEP-23,2023,3,9,"September",39,39,0
20230926,26-SEP-23,2023,3,9,"September",39,39,0
20230927,27-SEP-23,2023,3,9,"September",39,39,0
20230928,28-SEP-23,2023,3,9,"September",39,39,0
20230929,29-SEP-23,2023,3,9,"September",39,39,0
20230930,30-SEP-23,2023,3,9,"September",39,39,1
20231001,01-OCT-23,2023,4,10,"October",39,39,1
20231002,02-OCT-23,2023,4,10,"October",40,40,0
20231003,03-OCT-23,2023,4,10,"October",40,40,0
20231004,04-OCT-23,2023,4,10,"October",40,40,0
20231005,05-OCT-23,2023,4,10,"October",40,40,0
20231006,06-OCT-23,2023,4,10,"October",40,40,0
20231007,07-OCT-23,2023,4,10,"October",40,40,1
20231008,08-OCT-23,2023,4,10,"October",40,40,1
20231009,09-OCT-23,2023,4,10,"October",41,41,0
20231010,10-OCT-23,2023,4,10,"October",41,41,0
20231011,11-OCT-23,2023,4,10,"October",41,41,0
20231012,12-OCT-23,2023,4,10,"October",41,41,0
20231013,13-OCT-23,2023,4,10,"October",41,41,0
20231014,14-OCT-23,2023,4,10,"October",41,41,1
20231015,15-OCT-23,2023,4,10,"October",41,41,1
20231016,16-OCT-23,2023,4,10,"October",42,42,0
20231017,17-OCT-23,2023,4,10,"October",42,42,0
20231018,18-OCT-23,2023,4,10,"October",42,42,0
20231019,19-OCT-23,2023,4,10,"October",42,42,0
20231020,20-OCT-23,2023,4,10,"October",42,42,0
20231021,21-OCT-23,2023,4,10,"October",42,42,1
20231022,22-OCT-23,2023,4,10,"October",42,42,1
20231023,23-OCT-23,2023,4,10,"October",43,43,0
20231024,24-OCT-23,2023,4,10,"October",43,43,0
20231025,25-OCT-23,2023,4,10,"October",43,43,0
20231026,26-OCT-23,2023,4,10,"October",43,43,0
20231027,27-OCT-23,2023,4,10,"October",43,43,0
20231028,28-OCT-23,2023,4,10,"October",43,43,1
20231029,29-OCT-23,2023,4,10,"October",43,43,1
20231030,30-OCT-23,2023,4,10,"October",44,44,0
20231031,31-OCT-23,2023,4,10,"October",44,44,0
20231101,01-NOV-23,2023,4,11,"November",44,44,0
20231102,02-NOV-23,2023,4,11,"November",44,44,0
20231103,03-NOV-23,2023,4,11,"November",44,44,0
20231104,04-NOV-23,2023,4,11,"November",44,44,1
20231105,05-NOV-23,2023,4,11,"November",44,44,1
20231106,06-NOV-23,2023,4,11,"November",45,45,0
20231107,07-NOV-23,2023,4,11,"November",45,45,0
20231108,08-NOV-23,2023,4,11,"November",45,45,0
20231109,09-NOV-23,2023,4,11,"November",45,45,0
20231110,10-NOV-23,2023,4,11,"November",45,45,0
20231111,11-NOV-23,2023,4,11,"November",45,45,1
20231112,12-NOV-23,2023,4,11,"November",45,45,1
20231113,13-NOV-23,2023,4,11,"November",46,46,0
20231114,14-NOV-23,2023,4,11,"November",46,46,0
20231115,15-NOV-23,2023,4,11,"November",46,46,0
20231116,16-NOV-23,2023,4,11,"November",46,46,0
20231117,17-NOV-23,2023,4,11,"November",46,46,0
20231118,18-NOV-23,2023,4,11,"November",46,46,1
20231119,19-NOV-23,2023,4,11,"November",46,46,1
20231120,20-NOV-23,2023,4,11,"November",47,47,0
20231121,21-NOV-23,2023,4,11,"November",47,47,0
20231122,22-NOV-23,2023,4,11,"November",47,47,0
20231123,23-NOV-23,2023,4,11,"November",47,47,0
20231124,24-NOV-23,2023,4,11,"November",47,47,0
20231125,25-NOV-23,2023,4,11,"November",47,47,1
20231126,26-NOV-23,2023,4,11,"November",47,47,1
20231127,27-NOV-23,2023,4,11,"November",48,48,0
20231128,28-NOV-23,2023,4,11,"November",48,48,0
20231129,29-NOV-23,2023,4,11,"November",48,48,0
20231130,30-NOV-23,2023,4,11,"November",48,48,0
20231201,01-DEC-23,2023,4,12,"December",48,48,0
20231202,02-DEC-23,2023,4,12,"December",48,48,1
20231203,03-DEC-23,2023,4,12,"December",48,48,1
20231204,04-DEC-23,2023,4,12,"December",49,49,0
20231205,05-DEC-23,2023,4,12,"December",49,49,0
20231206,06-DEC-23,2023,4,12,"December",49,49,0
20231207,07-DEC-23,2023,4,12,"December",49,49,0
20231208,08-DEC-23,2023,4,12,"December",49,49,0
20231209,09-DEC-23,2023,4,12,"December",49,49,1
20231210,10-DEC-23,2023,4,12,"December",49,49,1
20231211,11-DEC-23,2023,4,12,"December",50,50,0
20231212,12-DEC-23,2023,4,12,"December",50,50,0
20231213,13-DEC-23,2023,4,12,"December",50,50,0
20231214,14-DEC-23,2023,4,12,"December",50,50,0
20231215,15-DEC-23,2023,4,12,"December",50,50,0
20231216,16-DEC-23,2023,4,12,"December",50,50,1
20231217,17-DEC-23,2023,4,12,"December",50,50,1
20231218,18-DEC-23,2023,4,12,"December",51,51,0
20231219,19-DEC-23,2023,4,12,"December",51,51,0
20231220,20-DEC-23,2023,4,12,"December",51,51,0
20231221,21-DEC-23,2023,4,12,"December",51,51,0
20231222,22-DEC-23,2023,4,12,"December",51,51,0
20231223,23-DEC-23,2023,4,12,"December",51,51,1
20231224,24-DEC-23,2023,4,12,"December",51,51,1
20231225,25-DEC-23,2023,4,12,"December",52,52,0
20231226,26-DEC-23,2023,4,12,"December",52,52,0
20231227,27-DEC-23,2023,4,12,"December",52,52,0
20231228,28-DEC-23,2023,4,12,"December",52,52,0
20231229,29-DEC-23,2023,4,12,"December",52,52,0
20231230,30-DEC-23,2023,4,12,"December",52,52,1
20231231,31-DEC-23,2023,4,12,"December",52,52,1
20240101,01-JAN-24,2024,1,1,"January",1,1,0
20240102,02-JAN-24,2024,1,1,"January",1,1,0
20240103,03-JAN-24,2024,1,1,"January",1,1,0
20240104,04-JAN-24,2024,1,1,"January",1,1,0
20240105,05-JAN-24,2024,1,1,"January",1,1,0
20240106,06-JAN-24,2024,1,1,"January",1,1,1
20240107,07-JAN-24,2024,1,1,"January",1,1,1
20240108,08-JAN-24,2024,1,1,"January",2,2,0
20240109,09-JAN-24,2024,1,1,"January",2,2,0
20240110,10-JAN-24,2024,1,1,"January",2,2,0
20240111,11-JAN-24,2024,1,1,"January",2,2,0
20240112,12-JAN-24,2024,1,1,"January",2,2,0
20240113,13-JAN-24,2024,1,1,"January",2,2,1
20240114,14-JAN-24,2024,1,1,"January",2,2,1
20240115,15-JAN-24,2024,1,1,"January",3,3,0
20240116,16-JAN-24,2024,1,1,"January",3,3,0
20240117,17-JAN-24,2024,1,1,"January",3,3,0
20240118,18-JAN-24,2024,1,1,"January",3,3,0
20240119,19-JAN-24,2024,1,1,"January",3,3,0
20240120,20-JAN-24,2024,1,1,"January",3,3,1
20240121,21-JAN-24,2024,1,1,"January",3,3,1
20240122,22-JAN-24,2024,1,1,"January",4,4,0
20240123,23-JAN-24,2024,1,1,"January",4,4,0
20240124,24-JAN-24,2024,1,1,"January",4,4,0
20240125,25-JAN-24,2024,1,1,"January",4,4,0
20240126,26-JAN-24,2024,1,1,"January",4,4,0
20240127,27-JAN-24,2024,1,1,"January",4,4,1
20240128,28-JAN-24,2024,1,1,"January",4,4,1
20240129,29-JAN-24,2024,1,1,"January",5,5,0
20240130,30-JAN-24,2024,1,1,"January",5,5,0
20240131,31-JAN-24,2024,1,1,"January",5,5,0
20240201,01-FEB-24,2024,1,2,"February",5,5,0
20240202,02-FEB-24,2024,1,2,"February",5,5,0
20240203,03-FEB-24,2024,1,2,"February",5,5,1
20240204,04-FEB-24,2024,1,2,"February",5,5,1
20240205,05-FEB-24,2024,1,2,"February",6,6,0
20240206,06-FEB-24,2024,1,2,"February",6,6,0
20240207,07-FEB-24,2024,1,2,"February",6,6,0
20240208,08-FEB-24,2024,1,2,"February",6,6,0
20240209,09-FEB-24,2024,1,2,"February",6,6,0
20240210,10-FEB-24,2024,1,2,"February",6,6,1
20240211,11-FEB-24,2024,1,2,"February",6,6,1
20240212,12-FEB-24,2024,1,2,"February",7,7,0
20240213,13-FEB-24,2024,1,2,"February",7,7,0
20240214,14-FEB-24,2024,1,2,"February",7,7,0
20240215,15-FEB-24,2024,1,2,"February",7,7,0
20240216,16-FEB-24,2024,1,2,"February",7,7,0
20240217,17-FEB-24,2024,1,2,"February",7,7,1
20240218,18-FEB-24,2024,1,2,"February",7,7,1
20240219,19-FEB-24,2024,1,2,"February",8,8,0
20240220,20-FEB-24,2024,1,2,"February",8,8,0
20240221,21-FEB-24,2024,1,2,"February",8,8,0
20240222,22-FEB-24,2024,1,2,"February",8,8,0
20240223,23-FEB-24,2024,1,2,"February",8,8,0
20240224,24-FEB-24,2024,1,2,"February",8,8,1
20240225,25-FEB-24,2024,1,2,"February",8,8,1
20240226,26-FEB-24,2024,1,2,"February",9,9,0
20240227,27-FEB-24,2024,1,2,"February",9,9,0
20240228,28-FEB-24,2024,1,2,"February",9,9,0
20240229,29-FEB-24,2024,1,2,"February",9,9,0
20240301,01-MAR-24,2024,1,3,"March",9,9,0
20240302,02-MAR-24,2024,1,3,"March",9,9,1
20240303,03-MAR-24,2024,1,3,"March",9,9,1
20240304,04-MAR-24,2024,1,3,"March",10,10,0
20240305,05-MAR-24,2024,1,3,"March",10,10,0
20240306,06-MAR-24,2024,1,3,"March",10,10,0
20240307,07-MAR-24,2024,1,3,"March",10,10,0
20240308,08-MAR-24,2024,1,3,"March",10,10,0
20240309,09-MAR-24,2024,1,3,"March",10,10,1
20240310,10-MAR-24,2024,1,3,"March",10,10,1
20240311,11-MAR-24,2024,1,3,"March",11,11,0
20240312,12-MAR-24,2024,1,3,"March",11,11,0
20240313,13-MAR-24,2024,1,3,"March",11,11,0
20240314,14-MAR-24,2024,1,3,"March",11,11,0
20240315,15-MAR-24,2024,1,3,"March",11,11,0
20240316,16-MAR-24,2024,1,3,"March",11,11,1
20240317,17-MAR-24,2024,1,3,"March",11,11,1
20240318,18-MAR-24,2024,1,3,"March",12,12,0
20240319,19-MAR-24,2024,1,3,"March",12,12,0
20240320,20-MAR-24,2024,1,3,"March",12,12,0
20240321,21-MAR-24,2024,1,3,"March",12,12,0
20240322,22-MAR-24,2024,1,3,"March",12,12,0
20240323,23-MAR-24,2024,1,3,"March",12,12,1
20240324,24-MAR-24,2024,1,3,"March",12,12,1
20240325,25-MAR-24,2024,1,3,"March",13,13,0
20240326,26-MAR-24,2024,1,3,"March",13,13,0
20240327,27-MAR-24,2024,1,3,"March",13,13,0
20240328,28-MAR-24,2024,1,3,"March",13,13,0
20240329,29-MAR-24,2024,1,3,"March",13,13,0
20240330,30-MAR-24,2024,1,3,"March",13,13,1
20240331,31-MAR-24,2024,1,3,"March",13,13,1
20240401,01-APR-24,2024,2,4,"April",14,14,0
20240402,02-APR-24,2024,2,4,"April",14,14,0
20240403,03-APR-24,2024,2,4,"April",14,14,0
20240404,04-APR-24,2024,2,4,"April",14,14,0
20240405,05-APR-24,2024,2,4,"April",14,14,0
20240406,06-APR-24,2024,2,4,"April",14,14,1
20240407,07-APR-24,2024,2,4,"April",14,14,1
20240408,08-APR-24,2024,2,4,"April",15,15,0
20240409,09-APR-24,2024,2,4,"April",15,15,0
20240410,10-APR-24,2024,2,4,"April",15,15,0
20240411,11-APR-24,2024,2,4,"April",15,15,0
20240412,12-APR-24,2024,2,4,"April",15,15,0
20240413,13-APR-24,2024,2,4,"April",15,15,1
20240414,14-APR-24,2024,2,4,"April",15,15,1
20240415,15-APR-24,2024,2,4,"April",16,16,0
20240416,16-APR-24,2024,2,4,"April",16,16,0
20240417,17-APR-24,2024,2,4,"April",16,16,0
20240418,18-APR-24,2024,2,4,"April",16,16,0
20240419,19-APR-24,2024,2,4,"April",16,16,0
20240420,20-APR-24,2024,2,4,"April",16,16,1
20240421,21-APR-24,2024,2,4,"April",16,16,1
20240422,22-APR-24,2024,2,4,"April",17,17,0
20240423,23-APR-24,2024,2,4,"April",17,17,0
20240424,24-APR-24,2024,2,4,"April",17,17,0
20240425,25-APR-24,2024,2,4,"April",17,17,0
20240426,26-APR-24,2024,2,4,"April",17,17,0
20240427,27-APR-24,2024,2,4,"April",17,17,1
20240428,28-APR-24,2024,2,4,"April",17,17,1
20240429,29-APR-24,2024,2,4,"April",18,18,0
20240430,30-APR-24,2024,2,4,"April",18,18,0
20240501,01-MAY-24,2024,2,5,"May",18,18,0
20240502,02-MAY-24,2024,2,5,"May",18,18,0
20240503,03-MAY-24,2024,2,5,"May",18,18,0
20240504,04-MAY-24,2024,2,5,"May",18,18,1
20240505,05-MAY-24,2024,2,5,"May",18,18,1
20240506,06-MAY-24,2024,2,5,"May",19,19,0
20240507,07-MAY-24,2024,2,5,"May",19,19,0
20240508,08-MAY-24,2024,2,5,"May",19,19,0
20240509,09-MAY-24,2024,2,5,"May",19,19,0
20240510,10-MAY-24,2024,2,5,"May",19,19,0
20240511,11-MAY-24,2024,2,5,"May",19,19,1
20240512,12-MAY-24,2024,2,5,"May",19,19,1
20240513,13-MAY-24,2024,2,5,"May",20,20,0
20240514,14-MAY-24,2024,2,5,"May",20,20,0
20240515,15-MAY-24,2024,2,5,"May",20,20,0
20240516,16-MAY-24,2024,2,5,"May",20,20,0
20240517,17-MAY-24,2024,2,5,"May",20,20,0
20240518,18-MAY-24,2024,2,5,"May",20,20,1
20240519,19-MAY-24,2024,2,5,"May",20,20,1
20240520,20-MAY-24,2024,2,5,"May",21,21,0
20240521,21-MAY-24,2024,2,5,"May",21,21,0
20240522,22-MAY-24,2024,2,5,"May",21,21,0
20240523,23-MAY-24,2024,2,5,"May",21,21,0
20240524,24-MAY-24,2024,2,5,"May",21,21,0
20240525,25-MAY-24,2024,2,5,"May",21,21,1
20240526,26-MAY-24,2024,2,5,"May",21,21,1
20240527,27-MAY-24,2024,2,5,"May",22,22,0
20240528,28-MAY-24,2024,2,5,"May",22,22,0
20240529,29-MAY-24,2024,2,5,"May",22,22,0
20240530,30-MAY-24,2024,2,5,"May",22,22,0
20240531,31-MAY-24,2024,2,5,"May",22,22,0
20240601,01-JUN-24,2024,2,6,"June",22,22,1
20240602,02-JUN-24,2024,2,6,"June",22,22,1
20240603,03-JUN-24,2024,2,6,"June",23,23,0
20240604,04-JUN-24,2024,2,6,"June",23,23,0
20240605,05-JUN-24,2024,2,6,"June",23,23,0
20240606,06-JUN-24,2024,2,6,"June",23,23,0
20240607,07-JUN-24,2024,2,6,"June",23,23,0
20240608,08-JUN-24,2024,2,6,"June",23,23,1
20240609,09-JUN-24,2024,2,6,"June",23,23,1
20240610,10-JUN-24,2024,2,6,"June",24,24,0
20240611,11-JUN-24,2024,2,6,"June",24,24,0
20240612,12-JUN-24,2024,2,6,"June",24,24,0
20240613,13-JUN-24,2024,2,6,"June",24,24,0
20240614,14-JUN-24,2024,2,6,"June",24,24,0
20240615,15-JUN-24,2024,2,6,"June",24,24,1
20240616,16-JUN-24,2024,2,6,"June",24,24,1
20240617,17-JUN-24,2024,2,6,"June",25,25,0
20240618,18-JUN-24,2024,2,6,"June",25,25,0
20240619,19-JUN-24,2024,2,6,"June",25,25,0
20240620,20-JUN-24,2024,2,6,"June",25,25,0
20240621,21-JUN-24,2024,2,6,"June",25,25,0
20240622,22-JUN-24,2024,2,6,"June",25,25,1
20240623,23-JUN-24,2024,2,6,"June",25,25,1
20240624,24-JUN-24,2024,2,6,"June",26,26,0
20240625,25-JUN-24,2024,2,6,"June",26,26,0
20240626,26-JUN-24,2024,2,6,"June",26,26,0
20240627,27-JUN-24,2024,2,6,"June",26,26,0
20240628,28-JUN-24,2024,2,6,"June",26,26,0
20240629,29-JUN-24,2024,2,6,"June",26,26,1
20240630,30-JUN-24,2024,2,6,"June",26,26,1
20240701,01-JUL-24,2024,3,7,"July",27,27,0
20240702,02-JUL-24,2024,3,7,"July",27,27,0
20240703,03-JUL-24,2024,3,7,"July",27,27,0
20240704,04-JUL-24,2024,3,7,"July",27,27,0
20240705,05-JUL-24,2024,3,7,"July",27,27,0
20240706,06-JUL-24,2024,3,7,"July",27,27,1
20240707,07-JUL-24,2024,3,7,"July",27,27,1
20240708,08-JUL-24,2024,3,7,"July",28,28,0
20240709,09-JUL-24,2024,3,7,"July",28,28,0
20240710,10-JUL-24,2024,3,7,"July",28,28,0
20240711,11-JUL-24,2024,3,7,"July",28,28,0
20240712,12-JUL-24,2024,3,7,"July",28,28,0
20240713,13-JUL-24,2024,3,7,"July",28,28,1
20240714,14-JUL-24,2024,3,7,"July",28,28,1
20240715,15-JUL-24,2024,3,7,"July",29,29,0
20240716,16-JUL-24,2024,3,7,"July",29,29,0
20240717,17-JUL-24,2024,3,7,"July",29,29,0
20240718,18-JUL-24,2024,3,7,"July",29,29,0
20240719,19-JUL-24,2024,3,7,"July",29,29,0
20240720,20-JUL-24,2024,3,7,"July",29,29,1
20240721,21-JUL-24,2024,3,7,"July",29,29,1
20240722,22-JUL-24,2024,3,7,"July",30,30,0
20240723,23-JUL-24,2024,3,7,"July",30,30,0
20240724,24-JUL-24,2024,3,7,"July",30,30,0
20240725,25-JUL-24,2024,3,7,"July",30,30,0
20240726,26-JUL-24,2024,3,7,"July",30,30,0
20240727,27-JUL-24,2024,3,7,"July",30,30,1
20240728,28-JUL-24,2024,3,7,"July",30,30,1
20240729,29-JUL-24,2024,3,7,"July",31,31,0
20240730,30-JUL-24,2024,3,7,"July",31,31,0
20240731,31-JUL-24,2024,3,7,"July",31,31,0
20240801,01-AUG-24,2024,3,8,"August",31,31,0
20240802,02-AUG-24,2024,3,8,"August",31,31,0
20240803,03-AUG-24,2024,3,8,"August",31,31,1
20240804,04-AUG-24,2024,3,8,"August",31,31,1
20240805,05-AUG-24,2024,3,8,"August",32,32,0
20240806,06-AUG-24,2024,3,8,"August",32,32,0
20240807,07-AUG-24,2024,3,8,"August",32,32,0
20240808,08-AUG-24,2024,3,8,"August",32,32,0
20240809,09-AUG-24,2024,3,8,"August",32,32,0
20240810,10-AUG-24,2024,3,8,"August",32,32,1
20240811,11-AUG-24,2024,3,8,"August",32,32,1
20240812,12-AUG-24,2024,3,8,"August",33,33,0
20240813,13-AUG-24,2024,3,8,"August",33,33,0
20240814,14-AUG-24,2024,3,8,"August",33,33,0
20240815,15-AUG-24,2024,3,8,"August",33,33,0
20240816,16-AUG-24,2024,3,8,"August",33,33,0
20240817,17-AUG-24,2024,3,8,"August",33,33,1
20240818,18-AUG-24,2024,3,8,"August",33,33,1
20240819,19-AUG-24,2024,3,8,"August",34,34,0
20240820,20-AUG-24,2024,3,8,"August",34,34,0
20240821,21-AUG-24,2024,3,8,"August",34,34,0
20240822,22-AUG-24,2024,3,8,"August",34,34,0
20240823,23-AUG-24,2024,3,8,"August",34,34,0
20240824,24-AUG-24,2024,3,8,"August",34,34,1
20240825,25-AUG-24,2024,3,8,"August",34,34,1
20240826,26-AUG-24,2024,3,8,"August",35,35,0
20240827,27-AUG-24,2024,3,8,"August",35,35,0
20240828,28-AUG-24,2024,3,8,"August",35,35,0
20240829,29-AUG-24,2024,3,8,"August",35,35,0
20240830,30-AUG-24,2024,3,8,"August",35,35,0
20240831,31-AUG-24,2024,3,8,"August",35,35,1
20240901,01-SEP-24,2024,3,9,"September",35,35,1
20240902,02-SEP-24,2024,3,9,"September",36,36,0
20240903,03-SEP-24,2024,3,9,"September",36,36,0
20240904,04-SEP-24,2024,3,9,"September",36,36,0
20240905,05-SEP-24,2024,3,9,"September",36,36,0
20240906,06-SEP-24,2024,3,9,"September",36,36,0
20240907,07-SEP-24,2024,3,9,"September",36,36,1
20240908,08-SEP-24,2024,3,9,"September",36,36,1
20240909,09-SEP-24,2024,3,9,"September",37,37,0
20240910,10-SEP-24,2024,3,9,"September",37,37,0
20240911,11-SEP-24,2024,3,9,"September",37,37,0
20240912,12-SEP-24,2024,3,9,"September",37,37,0
20240913,13-SEP-24,2024,3,9,"September",37,37,0
20240914,14-SEP-24,2024,3,9,"September",37,37,1
20240915,15-SEP-24,2024,3,9,"September",37,37,1
20240916,16-SEP-24,2024,3,9,"September",38,38,0
20240917,17-SEP-24,2024,3,9,"September",38,38,0
20240918,18-SEP-24,2024,3,9,"September",38,38,0
20240919,19-SEP-24,2024,3,9,"September",38,38,0
20240920,20-SEP-24,2024,3,9,"September",38,38,0
20240921,21-SEP-24,2024,3,9,"September",38,38,1
20240922,22-SEP-24,2024,3,9,"September",38,38,1
20240923,23-SEP-24,2024,3,9,"September",39,39,0
20240924,24-SEP-24,2024,3,9,"September",39,39,0
20240925,25-SEP-24,2024,3,9,"September",39,39,0
20240926,26-SEP-24,2024,3,9,"September",39,39,0
20240927,27-SEP-24,2024,3,9,"September",39,39,0
20240928,28-SEP-24,2024,3,9,"September",39,39,1
20240929,29-SEP-24,2024,3,9,"September",39,39,1
20240930,30-SEP-24,2024,3,9,"September",40,40,0
20241001,01-OCT-24,2024,4,10,"October",40,40,0
20241002,02-OCT-24,2024,4,10,"October",40,40,0
20241003,03-OCT-24,2024,4,10,"October",40,40,0
20241004,04-OCT-24,2024,4,10,"October",40,40,0
20241005,05-OCT-24,2024,4,10,"October",40,40,1
20241006,06-OCT-24,2024,4,10,"October",40,40,1
20241007,07-OCT-24,2024,4,10,"October",41,41,0
20241008,08-OCT-24,2024,4,10,"October",41,41,0
20241009,09-OCT-24,2024,4,10,"October",41,41,0
20241010,10-OCT-24,2024,4,10,"October",41,41,0
20241011,11-OCT-24,2024,4,10,"October",41,41,0
20241012,12-OCT-24,2024,4,10,"October",41,41,1
20241013,13-OCT-24,2024,4,10,"October",41,41,1
20241014,14-OCT-24,2024,4,10,"October",42,42,0
20241015,15-OCT-24,2024,4,10,"October",42,42,0
20241016,16-OCT-24,2024,4,10,"October",42,42,0
20241017,17-OCT-24,2024,4,10,"October",42,42,0
20241018,18-OCT-24,2024,4,10,"October",42,42,0
20241019,19-OCT-24,2024,4,10,"October",42,42,1
20241020,20-OCT-24,2024,4,10,"October",42,42,1
20241021,21-OCT-24,2024,4,10,"October",43,43,0
20241022,22-OCT-24,2024,4,10,"October",43,43,0
20241023,23-OCT-24,2024,4,10,"October",43,43,0
20241024,24-OCT-24,2024,4,10,"October",43,43,0
20241025,25-OCT-24,2024,4,10,"October",43,43,0
20241026,26-OCT-24,2024,4,10,"October",43,43,1
20241027,27-OCT-24,2024,4,10,"October",43,43,1
20241028,28-OCT-24,2024,4,10,"October",44,44,0
20241029,29-OCT-24,2024,4,10,"October",44,44,0
20241030,30-OCT-24,2024,4,10,"October",44,44,0
20241031,31-OCT-24,2024,4,10,"October",44,44,0
20241101,01-NOV-24,2024,4,11,"November",44,44,0
20241102,02-NOV-24,2024,4,11,"November",44,44,1
20241103,03-NOV-24,2024,4,11,"November",44,44,1
20241104,04-NOV-24,2024,4,11,"November",45,45,0
20241105,05-NOV-24,2024,4,11,"November",45,45,0
20241106,06-NOV-24,2024,4,11,"November",45,45,0
20241107,07-NOV-24,2024,4,11,"November",45,45,0
20241108,08-NOV-24,2024,4,11,"November",45,45,0
20241109,09-NOV-24,2024,4,11,"November",45,45,1
20241110,10-NOV-24,2024,4,11,"November",45,45,1
20241111,11-NOV-24,2024,4,11,"November",46,46,0
20241112,12-NOV-24,2024,4,11,"November",46,46,0
20241113,13-NOV-24,2024,4,11,"November",46,46,0
20241114,14-NOV-24,2024,4,11,"November",46,46,0
20241115,15-NOV-24,2024,4,11,"November",46,46,0
20241116,16-NOV-24,2024,4,11,"November",46,46,1
20241117,17-NOV-24,2024,4,11,"November",46,46,1
20241118,18-NOV-24,2024,4,11,"November",47,47,0
20241119,19-NOV-24,2024,4,11,"November",47,47,0
20241120,20-NOV-24,2024,4,11,"November",47,47,0
20241121,21-NOV-24,2024,4,11,"November",47,47,0
20241122,22-NOV-24,2024,4,11,"November",47,47,0
20241123,23-NOV-24,2024,4,11,"November",47,47,1
20241124,24-NOV-24,2024,4,11,"November",47,47,1
20241125,25-NOV-24,2024,4,11,"November",48,48,0
20241126,26-NOV-24,2024,4,11,"November",48,48,0
20241127,27-NOV-24,2024,4,11,"November",48,48,0
20241128,28-NOV-24,2024,4,11,"November",48,48,0
20241129,29-NOV-24,2024,4,11,"November",48,48,0
20241130,30-NOV-24,2024,4,11,"November",48,48,1
20241201,01-DEC-24,2024,4,12,"December",48,48,1
20241202,02-DEC-24,2024,4,12,"December",49,49,0
20241203,03-DEC-24,2024,4,12,"December",49,49,0
20241204,04-DEC-24,2024,4,12,"December",49,49,0
20241205,05-DEC-24,2024,4,12,"December",49,49,0
20241206,06-DEC-24,2024,4,12,"December",49,49,0
20241207,07-DEC-24,2024,4,12,"December",49,49,1
20241208,08-DEC-24,2024,4,12,"December",49,49,1
20241209,09-DEC-24,2024,4,12,"December",50,50,0
20241210,10-DEC-24,2024,4,12,"December",50,50,0
20241211,11-DEC-24,2024,4,12,"December",50,50,0
20241212,12-DEC-24,2024,4,12,"December",50,50,0
20241213,13-DEC-24,2024,4,12,"December",50,50,0
20241214,14-DEC-24,2024,4,12,"December",50,50,1
20241215,15-DEC-24,2024,4,12,"December",50,50,1
20241216,16-DEC-24,2024,4,12,"December",51,51,0
20241217,17-DEC-24,2024,4,12,"December",51,51,0
20241218,18-DEC-24,2024,4,12,"December",51,51,0
20241219,19-DEC-24,2024,4,12,"December",51,51,0
20241220,20-DEC-24,2024,4,12,"December",51,51,0
20241221,21-DEC-24,2024,4,12,"December",51,51,1
20241222,22-DEC-24,2024,4,12,"December",51,51,1
20241223,23-DEC-24,2024,4,12,"December",52,52,0
20241224,24-DEC-24,2024,4,12,"December",52,52,0
20241225,25-DEC-24,2024,4,12,"December",52,52,0
20241226,26-DEC-24,2024,4,12,"December",52,52,0
20241227,27-DEC-24,2024,4,12,"December",52,52,0
20241228,28-DEC-24,2024,4,12,"December",52,52,1
20241229,29-DEC-24,2024,4,12,"December",52,52,1
20241230,30-DEC-24,2024,4,12,"December",1,1,0
20241231,31-DEC-24,2024,4,12,"December",1,1,0
